r_R,chord_classical,twist_classical_deg,a_classical,aprime_classical,alpha_classical_deg,phi_classical_deg,fnorm_classical,ftan_classical,chord_hybrid,twist_hybrid_deg,a_hybrid,aprime_hybrid,alpha_hybrid_deg,phi_hybrid_deg,fnorm_hybrid,ftan_hybrid
0.2025,4.704685986582396,16.108583372141858,0.7716017902725,-0.8733006981351609,30.167691573165328,14.059108201023472,790.7232841926267,-256.84724618837294,3.91793041046435,11.792561693534026,0.6054662465987731,-0.210716003487072,28.940616249744465,17.14805455621044,402.0392542079578,-100.03681123860079
0.20750000000000002,4.704685986582396,15.580268707084558,0.5487373758979378,-0.1544889092898729,33.403906332328894,17.823637625244334,608.7438567915489,-154.38184366295027,3.917918169578601,11.291240622964427,0.49891449960133855,-0.1187880026235288,30.200303208239927,18.9090625852755,560.2057064193147,-130.82964439970004
0.21250000000000002,4.704685986582396,15.072564663269077,0.49997304674627024,-0.11480608569109473,33.45340492085309,18.380840257584016,705.93281894804,-171.7406561677652,3.917905928692852,10.811017185613359,0.44516088029034967,-0.08576048975282456,30.457388870860086,19.646371685246727,639.9756805656475,-140.7998803519902
0.21750000000000003,4.704685986582396,14.584369010336516,0.46890392954702864,-0.09469538494926513,33.2163289965875,18.631959986250983,776.6219848657361,-185.33657623701427,3.9178936878071036,10.350789151121935,0.4117115865140845,-0.06982374421397955,30.326037954337323,19.97524880321539,697.7664577170601,-149.32053752398426
0.2225,4.704685986582396,14.114650559632542,0.4474746640078737,-0.08276382920158772,32.811474241425984,18.69682368179344,835.1660534255451,-198.30874134430115,3.917881446921355,9.909525330835814,0.38840173698565383,-0.0602595449736332,29.993573582507814,20.084048251672,745.2354406348823,-157.301409730745
0.2275,4.704685986582396,13.662444118367665,0.4321019983891129,-0.07503580234232037,32.304235317389335,18.641791199021668,887.119995439608,-211.54543956632475,3.9178692060356055,9.486260531965506,0.368862371035079,-0.05208507223814573,29.580678640981276,20.09441810901577,782.979527237537,-160.19943549765497
0.2325,4.704685986582396,13.226845800253964,0.420894045894775,-0.06975649340035846,31.732124643140267,18.5052788428863,935.1143720657403,-225.34636186542622,3.917856965149857,9.080090868223095,0.3529638426760099,-0.0458068035487411,29.110573542829897,20.0304826746068,815.8995159547579,-161.88309719993597
0.23750000000000002,4.704685986582396,12.807008673039052,0.4127112031196369,-0.06602515504830357,31.11918854565696,18.31217987261791,980.6038590254689,-239.8081603017364,3.9178447242641083,8.690169407356189,0.33811485486352144,-0.040758144256989946,28.649561909344825,19.95939250198864,842.3440487867314,-162.86248167296617
0.2425,4.704685986582396,12.402609215047462,0.40684256856051104,-0.06333858139135305,30.480883383445562,18.0782741683981,1024.4289968823089,-254.9623881194275,3.917832483378359,8.316172627689323,0.3249604815525965,-0.03658369861108518,28.174708169882713,19.85853554219339,865.3513238643663,-163.09559960701682
0.2475,4.704685986582396,12.012442587177878,0.4010517369953287,-0.060201472247175876,29.854766057682426,17.84232347050455,1063.938725788145,-266.16844148597573,3.9178202424926103,7.956895690121181,0.31494812458070337,-0.03327674802121788,27.649189843262548,19.69229415314137,889.6599713864248,-163.459751095441
0.2525,4.704685986582396,11.635748074372437,0.3932006015514224,-0.05550831486792532,29.27925950724371,17.643511432871275,1095.9798902240068,-268.3075652834585,3.9178080016068613,7.6115778795939,0.3066649045982305,-0.030494991126440087,27.10730864733341,19.49573076773951,913.6411594191713,-163.5596629539043
0.2575,4.704685986582396,11.271874091114228,0.38479091173712066,-0.051330758234945574,28.746246412314004,17.474372321199777,1123.6129443323598,-269.77887810790804,3.9177957607211122,7.279567610590569,0.2951707791080511,-0.027818482645285223,26.66878319974237,19.389215589151803,926.2520483901046,-162.5411572616319
0.2625,4.704685986582396,10.920208095867034,0.3761633368160463,-0.047583631733599495,28.243502072944793,17.32329397707776,1147.9101514723982,-270.5812859936428,3.9177835198353637,6.960252341574972,0.28403027576431467,-0.025418393130444538,26.241777738607922,19.28152539703295,935.812240561368,-160.91488102733138
0.2675,4.704685986582396,10.580173901234074,0.36990822076578467,-0.04448319152281955,27.706690112234085,17.12651621100001,1174.4198129788297,-271.66404549057086,3.9177712789496146,6.653055885150326,0.27707261860638543,-0.023515344748701254,25.736375156274907,19.08331927112458,953.0524140716069,-159.87668472552758
0.2725,4.704685986582396,10.251229184549944,0.3652375035395188,-0.04182317354974993,27.154613223559977,16.903384039010035,1202.1582709393037,-272.7381632651057,3.917759038063866,6.357435918651228,0.2733431602107919,-0.021976190919259134,25.17774112975289,18.82030521110166,976.8494974791129,-159.32354000394128
0.2775,4.704685986582396,9.932962769378262,0.3563292174568751,-0.03902252173197825,26.722457957895124,16.78949518851686,1218.987749669222,-272.244811150423,3.917746797178117,6.072981265641297,0.2689307600347398,-0.0205176792103585,24.656230539573023,18.583249273931727,996.9670564796913,-158.23083536124506
0.28250000000000003,4.696234170955506,9.625051169716773,0.346316436270942,-0.0363168950576563,26.331904847720757,16.706853678003984,1231.1646361250303,-270.6264335106837,3.910696473359881,5.799368440118275,0.26417713722597697,-0.019127112863564784,24.16230791929338,18.362939479175104,1014.4437537217196,-156.5274870289926
0.28750000000000003,4.674160231802564,9.326748816513929,0.33777883793990976,-0.03390256557081651,25.922372020236054,16.595623203722127,1244.5314248733216,-268.65612877251544,3.892302674002996,5.535851873030617,0.2568905052738667,-0.017811389736902317,23.744685979646984,18.20883410661637,1022.5389796232755,-154.7075978446489
0.29250000000000004,4.647902729784444,9.037630561551872,0.33446616800293305,-0.032087061422404806,25.413005764984216,16.375375203432345,1268.8300687217784,-268.0781799400119,3.8704252317373364,5.282006416160463,0.3181427540643852,0.01237665834584691,21.339574014990664,16.0575675988302,1227.698696342691,105.43681851434837
0.29750000000000004,4.618165796002978,8.75729489344802,0.3306759408741672,-0.03034146272466921,24.931117461675047,16.173822568227028,1290.8226813662395,-266.86470681928444,3.8456505250229447,5.037430558125234,0.3196939204561503,0.013562167518736686,20.787058639436438,15.749628081311206,1262.7917444610862,120.8682876376657
0.3025,4.585545396323761,8.485362398123176,0.32561014190060467,-0.028609657747607126,24.49270582154136,16.007343423418185,1308.5083061786813,-264.82498372903166,3.81847485364817,4.8017448848457285,0.32169440260546983,0.014597988404850734,20.24521062454224,15.443465739696512,1298.359972705,135.76713669250208
0.3075,4.55054787488429,8.221474330922272,0.32059315071981964,-0.026973262970494027,24.067590122077178,15.846115791154908,1325.1572290745626,-262.31258229506625,3.7893198816366116,4.574590651666882,0.322024179386947,0.015066671566413933,19.764937543069493,15.19034689140261,1328.9517297668524,146.26778430474292
0.3125,4.513604825227606,7.965291291782101,0.3124712693904111,-0.025379203602238217,23.723112371346076,15.757821079563977,1332.152604650948,-259.88107591856914,3.7585450218244,4.355628458525487,0.3221841655048044,0.015440883281385737,19.305252458509884,14.949623999984397,1358.4902050432875,156.2547720618569
0.3175,4.47505520532536,7.716663206537599,0.4206557442526064,0.00908437637924721,20.45364714276689,12.73698393622929,1623.7588541364635,83.75694753464109,3.7264325437962444,4.1447082312564785,0.32251945418620986,0.015731658806678057,18.858211422827075,14.713503191570595,1387.9692126508887,165.66873129632123
0.3225,4.435246028513098,7.475190484189179,0.42369502870731934,0.010232218481261013,19.943498863985113,12.468308379795934,1662.701477448892,97.51120063439993,3.6932714213870765,3.94143037886027,0.32292167122765697,0.015981214154772255,18.42483174347231,14.483401364612043,1417.147833473156,174.88890524205203
0.3275,4.394464600269101,7.240487163593862,0.42529088863536113,0.010994029954182048,19.48232446288153,12.241837299287665,1697.843120532324,108.38997955472325,3.659300905676796,3.745408940193882,0.322244867031673,0.016030892975206774,18.02982528636276,14.284416346168879,1442.980681252937,182.32704284846878
0.3325,4.352939935813062,7.012281571801396,0.4269352808631896,0.011681739993581755,19.034056646730896,12.0217750749295,1732.8153488399505,119.00229700418922,3.6247117062075134,3.556372242307064,0.32036746870696475,0.015876186912616205,17.67406549331079,14.117693251003724,1465.0295280531327,187.73878620946758
0.3375,4.3108692612308825,6.790315885669849,0.42869597932227954,0.012278797555778431,18.596892694897473,11.806576809227625,1767.7939940748925,129.08581783823843,3.5896680592728973,3.374062462057882,0.31852569952495113,0.01572426723010213,17.329031804408878,13.954969342350994,1486.683868459081,193.12125819874194
0.3425,4.268422491690026,6.574345293770359,0.4302175667205133,0.012815209700780242,18.177152563551633,11.602807269781275,1801.9292645095645,138.95090805014993,3.554311457337503,3.1982347880174755,0.3206733069475505,0.01578908335953522,16.914746352645672,13.716511564628195,1519.2382720119135,200.18534096387265
0.3475,4.225746012181247,6.364137215768319,0.42880181433540965,0.012912548779460646,17.83103740195011,11.46690018618179,1828.1519188471682,144.9473115325228,3.5187637976023725,3.0286566398512362,0.32530586288109203,0.015969872558543093,16.46393649388478,13.435279854033546,1558.4798429906218,208.14395091511892
0.3525,4.182965891965923,6.159475360876692,0.42738628626643177,0.013001454852285547,17.494255288489047,11.334779927612354,1853.9799946068679,150.97991205893243,3.483130058961732,2.8651117267721276,0.3294732594295865,0.016148129789799414,16.035341700110187,13.17022997333806,1596.0732851679393,216.27684686240883
0.3575,4.140194780006025,5.960332592723599,0.42689538998587406,0.013121539814196724,17.14866408139008,11.188331488666483,1881.947857734876,157.28411800755924,3.447504044031616,2.7075729124082724,0.3329153638822061,0.016328901492294587,15.633233235341786,12.925660322933513,1631.4112334304946,224.74947267379628
0.3625,4.097528002584431,5.766305551452571,0.4341783503638814,0.013560302569042922,16.662666320981774,10.896360769529204,1930.814449000419,165.55293142597174,3.411965129857114,2.555636836903199,0.3363866835690369,0.016493737789637627,15.242694606548163,12.687057769644964,1666.5868882080429,233.09658278884552
0.3675,4.055044013643996,5.577204967795637,0.4412689046276649,0.013979394945707777,16.19286129795541,10.615656330159773,1979.4194435706245,173.71817507761352,3.3765786431287994,2.4091142309889375,0.3395344500752321,0.01649741525006251,14.87145293913942,12.462338708150483,1700.7478432296316,239.3099155110117
0.3725,4.012809993648957,5.392850525380709,0.44658921052831313,0.014440724314047415,15.766978022143071,10.374127496762362,2023.3495907942151,183.04530863729087,3.341400522481524,2.267824778293401,0.34257172643794465,0.01648644684640675,14.51328874690996,12.24546396861656,1734.6748732751755,245.32978624967444
0.3775,3.9708832820172075,5.213070354303467,0.4518070511919477,0.014881267660268226,15.353888607438325,10.140818253134858,2067.17435539621,192.29819686933897,3.306478511400021,2.1315966089122678,0.345261298574245,0.016438378054124583,14.172199913851985,12.040603304939717,1767.6895194455071,250.88580010793777
0.3825,3.9293126187990057,5.03770055746346,0.4565467863845358,0.015153140511004524,14.961205909669388,9.923505352205929,2109.7975736032386,199.64759129427708,3.271853192265794,2.000265825745088,0.3468106064618275,0.01626715682309179,13.862615337542262,11.862349511797174,1797.5473572269302,254.88906058010997
0.3875,3.8881392234171677,4.86658476732092,0.46100685768146793,0.015344383295241189,14.583880833777602,9.717296066456683,2151.7865469859075,206.09878056141366,3.23755888470969,1.8736760612520926,0.34831388937146157,0.0160975920961726,13.562895407969718,11.689219346717625,1827.2351892191962,258.8225002098312
0.3925,3.847404810499018,4.69963414368727,0.46528948991146013,0.015515560009840118,14.219032960126682,9.519398816439413,2193.410104710902,212.39229755920456,3.203630320277019,1.751738475244705,0.3497677455957858,0.01592955252698308,13.272861507438806,11.521123032194101,1856.7630898008802,262.68884920161236
0.3975,3.8071429138884714,4.536726826129197,0.4677635258259989,0.015486176114072844,13.89610761582671,9.359380789697513,2229.8739534403867,216.64588867504315,3.170095418182315,1.6343312072896126,0.35348441022928007,0.01595222586541244,12.950743064328071,11.316411857038458,1892.9297159521095,268.7834417002772
0.4025,3.7673670596597693,4.37763515334341,0.4701786491469509,0.015454659955465435,13.581813962593706,9.204178809250298,2266.1982468568713,220.87446674952776,3.1369654374645144,1.5212265960835238,0.3575653034495308,0.016004034036966736,12.63125237953571,11.110025783452185,1930.3231224572476,275.22227934367066
0.40750000000000003,3.728096171955376,4.222229720855642,0.4725272786418328,0.015421076352777178,13.276025889328077,9.053796168472434,2302.3885594217472,225.08289092298256,3.10425613180561,1.412295237152173,0.36151441840531695,0.016045035240080045,12.323062299473781,10.910767062321607,1967.5240910254029,281.52869392647636
0.41250000000000003,3.6893453917326617,4.070386766886951,0.4780615872985884,0.01565307860202098,12.921864160455796,8.851477393568844,2348.3657412563803,231.8489383730309,3.0719801045737225,1.3074133687166167,0.3704519459114026,0.01645401458428183,11.937400901435307,10.62998753271869,2020.0900269100232,292.20218069522343
0.41750000000000004,3.6511265442675387,3.9219878762833065,0.484142218516437,0.0159293974035971,12.56643266045622,8.644444784172913,2396.3165899512405,239.05863951194323,3.040147198143919,1.2064625756228242,0.38193581530637694,0.017020867592145297,11.518896223150875,10.312433647528051,2081.062835943455,304.5080287993346
0.42250000000000004,3.613448550660916,3.776919702342334,0.49071191492413824,0.016242089701799543,12.21080765407806,8.433887951735727,2446.1353548904117,246.60698879522351,3.0087648365852586,1.109329511168422,0.39215634737057914,0.01755641839180174,11.132032354755076,10.022702843586654,2138.827075928747,316.782655736328
0.42750000000000005,3.5763177904038175,3.635073705330316,0.5093479950348749,0.017473595135476225,11.661120705723455,8.026047000393138,2534.301501505439,261.91540031000346,2.9778383275901756,1.0159056356196925,0.3994533581129276,0.018012274224189617,10.802780065580588,9.786874429960896,2187.9986247586876,329.1059446379724
0.43250000000000005,3.5397548553310685,3.496435179217039,0.528008266915608,0.01879400917790999,11.12298875630939,7.62655357709235,2623.703180748,277.56031334195177,2.9473848127246254,0.9261762429464213,0.4087775733398098,0.018232293168236137,10.452596698779853,9.526420455833431,2244.0850920416333,336.01632287137613
0.4375,3.5037500292210284,3.3608326318122232,0.5415386458103851,0.019893025314760455,10.67965034040249,7.3188177085902675,2697.8058658078367,292.13259912816693,2.9173961973479794,0.8399698409583294,0.4157640233040233,0.018323376070233106,10.149292060500317,9.309322219541988,2293.202953769822,341.738448430874
0.4425,3.468299183791946,3.2281458264493423,0.5568650228365282,0.020492205878302947,10.2215811300634,6.993435303614058,2778.5889012088246,297.6650518870744,2.887869039702321,0.7571661929888907,0.4198353084623173,0.018317509624197013,9.900114138530753,9.142947945541863,2333.280616820472,347.2543130956182
0.4475,3.4334012210173435,3.0982836122059836,0.5638188116120713,0.020788416604836733,9.904873679196955,6.806590066990972,2832.951777108759,304.04026792760516,2.858802421197889,0.6776741481156918,0.4214854408775891,0.018147349956474712,9.696346127191093,9.018671979075402,2365.614610787739,351.0043766675171
0.4525,3.3990537977210167,2.9711585174877837,0.5661404928263697,0.020722265393970478,9.668158373041347,6.696999855553564,2872.452337646378,308.26704771329776,2.830194386492601,0.6014062347443698,0.4201307496853727,0.017790129028375172,9.545658118641992,8.944251883897621,2388.0236442725773,352.7620017419753
0.4575,3.365253492659595,2.846686570503613,0.5634397436692663,0.020325172922142826,9.514576203781427,6.667889633277814,2895.2932894318637,311.01861503681175,2.8020420826277426,0.528278481083795,0.41602138585088233,0.017339897695579694,9.441887689444242,8.913609208360446,2401.0401923079617,354.0398507771433
0.4625,3.3319959544342064,2.7247871298840867,0.5582137178664718,0.019835251864985463,9.40267017374259,6.677883043858504,2909.403174249046,313.9139437031828,2.7743418821986636,0.4582102457645827,0.41198713036986806,0.01690625314388016,9.340703882881831,8.882493637117248,2414.040276357068,355.2784632474806
0.4675,3.2992793780255654,2.605397936476943,0.553041908863005,0.01936097655626836,9.292193475272356,6.686795538795413,2923.2870615085767,316.74168396539073,2.7470922780482914,0.3911392696344711,0.40800799107988517,0.016484727376248284,9.242252470022287,8.851113200387815,2426.8708264495776,356.4104622830146
0.47250000000000003,3.2671110028935653,2.488501990991871,0.5476336825136514,0.01886864366416932,9.18772537246168,6.699223381469809,2936.0075061346647,319.1477252259862,2.720299293755939,0.32704855340314865,0.40379246135550767,0.016048474792699708,9.15108650670683,8.824037953303682,2438.592289575859,357.02142825118204
0.47750000000000004,3.2354674199472204,2.3739494975998965,0.5421050993485508,0.018372939674425975,9.087188373131514,6.7132388755316175,2947.910691019472,321.25998970556685,2.693943433958688,0.26578830124164154,0.39966692062605935,0.01562816764726631,9.061899158418097,8.796110857176455,2450.2777873069786,357.57870363721634
0.48250000000000004,3.2043416730492096,2.261671967055177,0.5366343029865738,0.01789375173573148,8.987729467934727,6.72605750087955,2959.5772633177417,323.2906641787524,2.6680189026979066,0.207290023904108,0.39562057701010056,0.01522357871994481,8.974905630094183,8.767615606190075,2461.9803046346865,358.1017678516855
0.48750000000000004,3.1737264090598964,2.1516035017938475,0.5312118096814817,0.017431074078192162,8.889564679744561,6.737961177950713,2971.067947193196,325.2600469417572,2.6425195735338542,0.1514878238266819,0.39166546675138,0.014833439512820876,8.889763343053254,8.73827551922657,2473.652565439728,358.57141185490457
0.4925,3.143613946454735,2.043680677044862,0.525847540765434,0.01698353756828551,8.792399827685468,6.748719150640606,2982.32807734505,327.14954516281443,2.6174390466831374,0.09831827623831746,0.387794304453756,0.014457419475464656,8.806602425340717,8.7082841491024,2485.33130523386,359.00090201708866
0.4975,3.1139963358983724,1.9378424282760125,0.5202967393088869,0.01654400321857451,8.69972587755498,6.761883449278968,2992.520399805993,328.9979569539404,2.592770699458099,0.04772031660680742,0.38395604658775817,0.014093621942424268,8.726112872960321,8.678392556353515,2496.8506027932463,359.388562276572
0.5025,3.084865413643186,1.8340299445948878,0.5144268176548428,0.016108929409583073,8.613318033933435,6.7792880893385465,3001.176823619289,330.820316817014,2.568507730730765,-0.0003648659602606408,0.3797920355085763,0.013732015784586186,8.653245958708721,8.653610824668982,2506.898617961857,359.6913867894221
0.5075000000000001,3.05622255266846,1.7322260702227015,0.5086175823295811,0.015687988644060027,8.527671580933864,6.795445510711163,3009.5881030475794,332.5540900857228,2.5446512798629612,-0.04595442724167054,0.37572434488124273,0.013383234234165414,8.581938465647589,8.627892892889259,2516.9521900823443,359.94439115175993
0.5125,3.0280570668318867,1.632366025064662,0.5028637671844958,0.015280938692822554,8.442884454849036,6.810518429784374,3017.789249142036,334.21112883234787,2.5211924456496204,-0.08911314733221687,0.37174693053990004,0.013046957820004389,8.512285665265242,8.60139881259746,2527.043666146134,360.1589695887279
0.5175000000000001,3.000352228360752,1.534363785037574,0.4971585217952259,0.01488747477647157,8.359044924128092,6.824681139090518,3025.80657172255,335.80309517656656,2.4981172966870244,-0.12992705031509333,0.36785759131476703,0.012722595747863379,8.444248527496175,8.574175577811268,2537.169740857856,360.33632414530786
0.5225,2.973099429249684,1.4381688292671986,0.491511097081593,0.014506404531370006,8.27588653936158,6.83771771009438,3033.5726997716465,337.3102378008173,2.4754186623077468,-0.16844665706454087,0.364055531512343,0.012409652781732613,8.377809520605602,8.546256177670143,2547.33809944616,360.478624857303
0.5275000000000001,2.9462900348724843,1.3437324205171792,0.4858316699631043,0.014135954706401126,8.194622301779622,6.850889881262443,3040.7796880699666,338.7617610806599,2.453089349769371,-0.20472070481691107,0.36034002379759233,0.012107654101300049,8.312949958842772,8.517670663659683,2557.5558099470722,360.5878250918916
0.5325,2.9199154070077467,1.2510075286354878,0.47996902484521065,0.013773882965083395,8.117301943992683,6.866294415357196,3046.9369444164454,340.20945256035463,2.4311221634259756,-0.23879622372423936,0.3567105593826079,0.011816138609893414,8.249646698337319,8.488442922061559,2567.8285509004677,360.6654020335851
0.5375000000000001,2.8939669237002112,1.159948757828938,0.4741626607400019,0.01342298975099103,8.040552459965134,6.880603702136197,3052.8312824878335,341.5712828135711,2.4095099212646947,-0.2707186095797045,0.35306551167868105,0.011533050727205719,8.189219265372909,8.459937874952614,2577.7890481832064,360.71815618233603
0.5425,2.868435996281967,1.0705122775496072,0.4684073670490004,0.013083173755358097,7.964487000747965,6.893974723198358,3058.5062086386074,342.86018215025075,2.3882454690772734,-0.3005316929312358,0.34939389456656444,0.011257587108077127,8.13169698925514,8.432228682186375,2587.341769555255,360.73620279229164
0.5475000000000001,2.8433280967345613,0.9827095695827469,0.4627066185222216,0.012754073799328892,7.889098041526598,6.906388471943851,3063.9811164559924,344.0768655624516,2.3673333595347006,-0.32822399199357566,0.3458130686251848,0.010991641585908915,8.075601215880969,8.403825207874544,2596.985592172109,360.7258984732902
0.5525,2.818621147533796,0.8964469734086539,0.4570562532483043,0.012435219566731272,7.814368345699689,6.917921372291035,3069.242688971258,345.2235655405682,2.3467552078136293,-0.3538891672864328,0.34231903280356596,0.01073476814983091,8.020906083704409,8.374795250990841,2606.7121253689443,360.6887547261596
0.5575,2.794305645781234,0.811680888787166,0.45145557452654117,0.012126217022857214,7.740285206624057,6.92860431783689,3074.2918323094486,346.3016864731129,2.3265030987928714,-0.37757081904996603,0.3389109950029044,0.010486592743116757,7.96759326212748,8.345164081177446,2616.525549920314,360.62609943959063
0.5625,2.7703732706932818,0.7283732845337545,0.44590956473318377,0.011826600133988044,7.666772841344935,6.938399556811181,3079.1548329975776,347.30639846210573,2.3065701016607445,-0.39930697846870533,0.33558816914743367,0.010246773934586647,7.915651681985712,8.314958660454417,2626.4327037641892,360.5397124799748
0.5675,2.74681578713645,0.646487386984262,0.44041533555873114,0.011536074259565167,7.593853969257513,6.947366582273251,3083.8263590285737,348.24218332516546,2.286949357002897,-0.41913441920680716,0.33234997079426076,0.010014978487854544,7.865066197151622,8.28420061635843,2636.439066016489,360.43093243262086
0.5725,2.723625050337402,0.5659876293315567,0.4349692252429166,0.01125436030930294,7.521557403321343,6.955569773989787,3088.2947534682276,349.1141061801718,2.267634080722685,-0.43708870807140343,0.32919562421434706,0.009790895454206208,7.815826230168653,8.252914938240057,2646.551110080097,360.30139194432724
0.5775,2.7007930092576022,0.4868396033460051,0.42957071209317754,0.010981137606948703,7.449874837350541,6.963035234004536,3092.562533182363,349.9236157578182,2.2486175668496515,-0.453204253292129,0.3261246925354725,0.009574221888365575,7.7679167126101385,8.221120965902267,2656.773858750027,360.1522534021267
0.5825,2.6783157111860754,0.40902502498840354,0.424220450415,0.01071611365272125,7.378798835161874,6.96977381017347,3096.636867799973,350.6718789771518,2.2298965216588575,-0.46749933890818607,0.3231548998218736,0.009364480606790212,7.721126536242582,8.188625875150768,2667.063067285938,359.96780553320656
0.5875,2.6561898094665333,0.33252848130284735,0.41891921794761644,0.01045901219443856,7.308323414603327,6.97579493330048,3100.5259630358673,351.36012553033447,2.211468156050414,-0.47998937787547913,0.32029991415160525,0.009161278126111299,7.675295370981922,8.155284748857401,2677.41857274365,359.7367401610258
0.5925,2.634398405621976,0.25728450888332205,0.4136637810197697,0.010209519988890222,7.238440333651016,6.9811558247676935,3104.2212854804407,351.99032691840995,2.19331839813369,-0.49073983360002416,0.31755082167245496,0.008964400055494122,7.630481585908068,8.121221419508093,2687.8286615327775,359.46592482380686
0.5975,2.6129338469171848,0.18326301889193658,0.40840997358140485,0.009966342040828262,7.169647059454521,6.9863840405625846,3107.5204231966636,352.5534235755762,2.175440873887689,-0.49978079491971217,0.3149035356172696,0.00877365525814837,7.586721084372327,8.086501879292038,2698.302952414323,359.1601931232586
0.6025,2.5917885743110554,0.11043486428929024,0.40308434281298366,0.009728157887863109,7.102850969896572,6.9924161056072816,3110.1849478699423,353.0517651176597,2.1578292873773837,-0.5071414088739417,0.3123551436123634,0.008588845701885289,7.544034158312266,8.051175567186208,2708.853608395143,358.8231127402598
0.6075,2.570955119666692,0.03877180386361412,0.397808003256819,0.00949670781336769,7.036485758445439,6.997713954581824,3112.611014482032,353.48187111374267,2.140477418429734,-0.5128499166744831,0.3099028512366386,0.008409779774095632,7.502439393019436,8.01528930969392,2719.4923454117657,358.4580656648866
0.6125,2.550426102213781,-0.031753532133201576,0.3925755778541722,0.009271971050327812,6.970653856753495,7.002407388886697,3114.839996155408,353.85566676692133,2.123379119687219,-0.5169336880694471,0.30754399780602265,0.008236271497844345,7.4619533346007,7.978887022670147,2730.2303113049547,358.0682159447953
0.6174999999999999,2.5301942243010895,-0.10116767482410448,0.38738668896696943,0.00905371202559204,6.905346562842146,7.00651423766625,3116.8722956799784,354.17406972250444,2.1065283130704198,-0.5194192541817815,0.3052822034428725,0.008067983825359046,7.422475015790956,7.941894269972737,2741.0443889740864,357.64637720643145
0.6225,2.5102596228649303,-0.16946875337001355,0.38224299073822315,0.008841738020698346,6.840561809494349,7.010030562864363,3118.7196238703536,354.4381119779425,2.089925110266788,-0.5203047441724009,0.30310502279099494,0.007905076856314879,7.384249045797432,7.904553789969833,2752.019912124362,357.2152850973371
0.6275,2.490610604069635,-0.23669860167719486,0.37714269115732724,0.008635819537192599,6.77629169126019,7.012990292937385,3120.376832037628,354.64899822626035,2.0735597732440416,-0.5196319919475783,0.30101475983309256,0.007747212672062276,7.347173481055373,7.866805473002952,2763.1289408250027,356.76779564640236
0.6325000000000001,2.4712367072408656,-0.30289400687844764,0.37208435225697745,0.008435739995469762,6.712528163311502,7.015422170189949,3121.8397510039795,354.8077731104236,2.057423590757806,-0.517437784640105,0.29900840106521837,0.007594214017898156,7.3112544470856555,7.828692231725761,2774.37579005438,356.30611299784914
0.6375,2.4521309177323576,-0.36807835542042333,0.3670673948540509,0.00824130889917871,6.649267674105995,7.0173460295264185,3123.1098160493075,354.9156505172801,2.0415107206479637,-0.51374550869664,0.2970838505508348,0.007445922479951145,7.276500451917592,7.790245960614232,2785.768973422411,355.8324518759651
0.6425000000000001,2.4332862712727676,-0.432274343755741,0.3620966832652056,0.00805216127862832,6.586397365520366,7.018671709276107,3124.1460424690713,354.9627100972918,2.0258153627666897,-0.5085778605697957,0.2952391835016621,0.007302183139123417,7.242917364716204,7.751495225286,2797.3160880109804,355.34873925209087
0.6475,2.41469584567481,-0.49550400322317145,0.3571612495080242,0.00786847579114331,6.524123925208079,7.019627928431251,3125.030321978651,354.97134901847716,2.010331752075315,-0.5019568715983516,0.2934725368940911,0.007162846926079535,7.210510415667365,7.712467287265716,2809.0243799006853,354.8567889343949
0.6525000000000001,2.3963527518972887,-0.5577887238768174,0.3522658731991569,0.007689900306213357,6.462335437601579,7.020124161478397,3125.7217583658853,354.9316662714083,1.9950541512025812,-0.4939039318363996,0.29176512724630405,0.007027365127182838,7.179459811766543,7.673363743602943,2820.788674472663,354.3462471123672
0.6575,2.378250753832975,-0.6191468410636677,0.34741028431015347,0.007516273267398795,6.401027072039779,7.020173913103446,3126.221114278688,354.84449232502715,1.9799773664394147,-0.4844373766309369,0.29009358003035834,0.006895251283023469,7.1500148719429815,7.634452248573918,2832.5077927367074,353.8103042806644
0.6625000000000001,2.3603902520540996,-0.6795701498235549,0.3425963099719146,0.007347461411883463,6.340197798613325,7.01976794843688,3126.539058281446,354.71054372346117,1.965101729393353,-0.47354900102179265,0.28849923806594835,0.00676722479660796,7.121734016519525,7.595283017541318,2844.4253244713373,353.2715733314399
0.6675,2.3427559534827544,-0.7391106110217309,0.33782089091554457,0.00718328597385866,6.279838134180214,7.0189487452019454,3126.6622570240006,354.53065993903,1.9504145062339375,-0.46129076587422,0.28697854805700496,0.006643119979650054,7.094607156709776,7.555897922583996,2856.533201553753,352.73063895987667
0.6725000000000001,2.3253409950650092,-0.797787197790464,0.33308356978354375,0.007023602974144165,6.219943217017825,7.017730414808288,3126.5897472537135,354.3055377890667,1.9359099815154115,-0.4476816443204834,0.28552999983804517,0.0065228102818656606,7.0686360186116834,7.516317662932167,2868.8366486853793,352.18871674730076
0.6775,2.3081384889679737,-0.855618350582601,0.3283865358386431,0.00686828799834989,6.160484128178272,7.016102478760873,3126.338162842579,354.03515514136313,1.9215824192343478,-0.4327400768134373,0.2841583277499438,0.006406054639468381,7.043718893300016,7.476458970113454,2881.3061556727735,351.63727676295844
0.6825,2.2911415089183533,-0.9126219954679444,0.3238109443803516,0.006717126370288198,6.1006200809097075,7.013242076377652,3126.175755391307,353.67373978206865,1.907426051456515,-0.41648398942287734,0.28285014417063103,0.006292969696585363,7.020056752517098,7.436540741939975,2894.012357197165,351.09601549700324
0.6875,2.274343075613211,-0.9688155616926006,0.31933551165444946,0.006569451153439897,6.040577670844529,7.009393232537129,3125.5696580822932,353.2044074072364,1.8934350661715522,-0.39893081139491127,0.2816100029696642,0.00618332584271734,6.997550656853057,7.396481468247968,2906.92611725374,350.55654412861526
0.6925,2.2577361411350116,-1.0242159985351342,0.314960112917534,0.0064251740297518855,5.980362233476623,7.004578232011758,3124.516691564896,352.62817483935424,1.8796035943189209,-0.3800974920081064,0.28043665115360106,0.006077013514482885,6.976199565201129,7.356297057209235,2920.0502395252875,350.01953548891106
0.6975,2.2413165891537177,-1.078826816793508,0.3106881948524582,0.006284114470435477,5.919911672903148,6.998738489696656,3122.9903153320433,351.93879129564584,1.86592820750007,-0.3599875420604226,0.2793297167562627,0.005973937733096591,6.956006549028262,7.315994091088685,2933.392326833706,349.48576154776765
0.7025,2.225077380677157,-1.1326622443070375,0.3065049884085893,0.006146482958002265,5.859463563972188,6.9921258082792255,3121.0796276819115,351.16118781507663,1.8524030442087482,-0.3386151893911773,0.27828813524506035,0.005873997800498667,6.936970757312617,7.275585946703794,2946.954668546886,348.9556931650554
0.7075,2.2090073240760866,-1.1857538935668537,0.30241153944876026,0.0060120837325297535,5.798952541804016,6.984706435370869,3118.7476708183617,350.28936794388534,1.8390187859036473,-0.31601204649150016,0.277309751129749,0.005777083016125869,6.919084551890317,7.235096598381817,2960.731373300285,348.4293832050486
0.7125,2.193098894830444,-1.238116896384189,0.2984049261526356,0.005880859179081564,5.73840866128945,6.9765255576736385,3116.000448973361,349.32687952954376,1.825769167052302,-0.29219324517262457,0.2763935164433205,0.005683099214964251,6.90234501512266,7.1945382602952845,2974.7223513885515,347.9069910652392
0.7175,2.1773443991455084,-1.2897659819341587,0.2944824025628175,0.005752751431287301,5.677859565779904,6.9676255477140625,3112.8428365135183,348.27700755075966,1.8126477812787376,-0.26717351460966565,0.27553842859918587,0.005591955837235886,6.886748849999824,7.15392236460949,2988.9266858111205,347.3885479978129
0.7225,2.161735949935931,-1.3407154898781941,0.29064756948985687,0.00562758547996837,5.6172314404558366,6.957946930334031,3109.237927040904,347.1324472689399,1.7996480613723465,-0.24096719446405412,0.2747435210889394,0.005503565954932488,6.872292523522186,7.1132597179862405,3003.342616074873,346.87396627651606
0.7275,2.1462654409926243,-1.3909793829842987,0.28688631277771415,0.0055055291827173225,5.556736587306457,6.947715970290755,3105.2655266709116,345.9156558239207,1.7867632577843706,-0.21358824750379402,0.27400786844721925,0.005417846075100902,6.858972187600628,7.072560435104422,3017.9674389891625,346.3630267449481
0.7325,2.130924519161774,-1.440571259267055,0.28320198936155244,0.005386414981887015,5.496304721106898,6.936875980373953,3100.889725083315,344.61963884035373,1.7739864154698866,-0.18505027174346722,0.27333058444781577,0.005334716066271759,6.846783706849048,7.031833978592515,3032.797439644682,345.85537602157626
0.7375,2.1157080490316256,-1.4894840789236954,0.2795937406914365,0.005270198976933955,5.43596306719376,6.925447146117455,3096.118949228675,343.2469436317185,1.7613132582203466,-0.15534622738030723,0.2727119700771591,0.0052541124685206095,6.835731933681617,6.991078161061925,3047.836004913847,345.3508761422812
0.7425,2.1006035948937547,-1.5377479100485287,0.27605847360454683,0.005156811872572828,5.375722593179119,6.913470503227647,3090.944508561444,341.79931883547755,1.7487334324499113,-0.12450618250862089,0.2721565539869101,0.005175859016998258,6.825710882647668,6.950217065156289,3063.0360131456177,344.8394612475585
0.7475,2.0856010607394473,-1.5853794268247186,0.27259412788810666,0.005046194297220391,5.315596690138649,6.900976116963367,3085.3618788030203,340.27840520876293,1.7362385324748566,-0.09254681131157483,0.2716507612092507,0.005100061839521413,6.816900209193475,6.90944702050505,3078.4551299218483,344.3382624770776
0.7525000000000001,2.070690720067973,-1.6323908401880627,0.2692052397608177,0.00493819282756183,5.255506145702597,6.887896985890659,3079.3278109040043,338.6759740033756,1.7238204603266527,-0.05948032472496401,0.2712000066303556,0.00502656448278458,6.8092030430106645,6.8686833677356285,3094.0518072368623,343.83747430384386
0.7575000000000001,2.0558624137843515,-1.6787940523493066,0.2658782781221151,0.004832944563340031,5.195642766432783,6.87443681878209,3072.9125993639755,337.0120743577758,1.7114707580105852,-0.025318624959536074,0.27080356828579905,0.004955302703791844,6.802614246415459,6.827932871374995,3109.815810564368,343.3359961233452
0.7625000000000001,2.0411055044601376,-1.7246006663641313,0.2626175636356588,0.004730302629927372,5.135930257564649,6.86053092392878,3066.0728171185433,335.27862055127883,1.69918056943438,0.00992668492902915,0.2704607528677206,0.004886215332043697,6.797128540816249,6.78720185588722,3125.735267040931,342.8325592388543
0.7675000000000001,2.026408826545258,-1.7698219953544685,0.259395238552373,0.004630287547651714,5.0766180506369505,6.846440045991419,3058.584618127337,333.49288990600917,1.6869405989668766,0.04624429181880085,0.27017089779592923,0.004819244213522223,6.7927404775993185,6.746496185780518,3141.7965012793557,342.3257131373562
0.7725000000000001,2.0117609184360647,-1.8144645158567574,0.256231584518321,0.004532794314293571,5.017523386444065,6.831987902300822,3050.609806659803,331.64226326233154,1.6747413046358266,0.08362771917333855,0.2699335596080933,0.0047543363028902125,6.78944727657936,6.705819557406022,3157.985324103714,341.81388185859987
0.7775000000000001,1.9971494995908063,-1.858527358366018,0.25313165141278937,0.004437757583220028,4.958606579572812,6.81713393793883,3042.1804793279334,329.72328417884194,1.662572462844642,0.12207783649762138,0.2697485281532459,0.004691443803354493,6.787251280239023,6.665173443741401,3174.2870404033306,341.2953661319698
0.7825,1.9825599221941463,-1.902038032644934,0.25009361292297044,0.004345120354395093,4.89986406600868,6.801902098653614,3033.277081477048,327.73571386323744,1.6504218794400383,0.16156713402896639,0.2696144436373868,0.004630509157907023,6.786136822560288,6.624569688531322,3190.6755797571245,340.76783871471105
0.7875,1.967978193953715,-1.9450067450254098,0.24711653026808372,0.00425483620602848,4.841301024280574,6.786307769305983,3023.884475982313,325.67939485847324,1.6382779061227473,0.20208540543547127,0.26953073706714203,0.0045714863068437575,6.786098118062134,6.584012712626663,3207.1280395323815,340.22899705594915
0.7925,1.953389449491689,-1.987443454689408,0.24419956374407098,0.004166860123518548,4.782921605327921,6.770365060017329,3013.985520901752,323.55391510233454,1.6261281679261235,0.2436226915351707,0.26949686582346966,0.004514332299787637,6.787129273891099,6.543506582355929,3223.6186498137713,339.67628528607776
0.7975,1.9387778620726817,-2.029357881011457,0.241341948759613,0.004081148824493109,4.724729283653982,6.75408716466544,3003.5610699017648,321.35863262175,1.6139594897442973,0.2861692729535372,0.26951231466587083,0.004459007357487635,6.78922428372785,6.503055010774313,3240.1184822187615,339.1068731348309
0.8025,1.9241265461724044,-2.070759510644615,0.2385496700085219,0.00399757974513182,4.666636538703987,6.737396049348602,2992.5492736967226,319.08323188084916,1.6017578152370178,0.3297156630375149,0.26957659731722133,0.004405474952330069,6.792377016716777,6.4626613536792625,3256.5951240373,338.5176320673802
0.8075,1.9094174497061076,-2.111657604360108,0.2358091299811024,0.00391627270343046,4.608822097232568,6.720479701592676,2981.0055434596543,316.7450236415281,1.5895081171282277,0.3742526010158729,0.2696892587441907,0.00435370190961415,6.796581200612558,6.4223285995966855,3273.0123130992542,337.9051082667464
0.8125,1.8946289917629473,-2.152050302585716,0.23312630633753195,0.0038371113358955,4.551209869954549,6.703260172540265,2968.8653798649143,314.3335257466722,1.577192430742582,0.41978194646083367,0.2698498899018286,0.004303658960429276,6.801841196045152,6.3820592495843185,3289.3296235728776,337.26552073803754
0.8175,1.879739660277311,-2.1919504820093314,0.23050058403532375,0.0037600560203457324,4.493797734756809,6.68574821676614,2956.097305396098,311.846825095851,1.56479284893968,0.46629082268450706,0.27006442322937235,0.004255248884885481,6.808062003453304,6.341771180768797,3305.4663210959866,336.58593563322836
0.8225,1.8647280777071236,-2.231374296211069,0.2279315307634433,0.0036850696375353765,4.436578470541628,6.6679527667526965,2942.6675036448255,309.28270863458255,1.5522915767870298,0.5137630761067742,0.270319472662715,0.004208584780147775,6.81540116691599,6.301638090809216,3321.4368378052477,335.87874193030285
0.8275,1.8495699173202522,-2.2703301406286824,0.2254189123627806,0.0036121183214488954,4.379550718819444,6.6498808594481265,2928.5397915974595,306.63870680739774,1.5396683645311082,0.5621903112898856,0.27062107380683414,0.004163580206169172,6.82376737495857,6.2615770636686845,3337.151895968091,335.13038629625885
0.8325,1.8342388917652208,-2.3088262167105795,0.2229625923206676,0.003541169861720329,4.322712289878288,6.631538506588867,2913.674223386405,303.9119754225509,1.5269013305655794,0.6115643267854303,0.27096893936897204,0.004120220781065027,6.8331535738626075,6.221589247077177,3352.5481430091754,334.33521843441
0.8375,1.818706537463357,-2.3468705374194223,0.2205625246335668,0.003472193854578712,4.266060286572239,6.612930823991661,2898.026791126376,301.09928193901163,1.513966781975878,0.6618771096307468,0.27136284109812747,0.004078496604619059,6.843552353299179,6.181675243668432,3367.5548944043153,333.487001241457
0.8425,1.802941971048216,-2.384470932551955,0.21821875845215666,0.0034051617375478816,4.209591076102924,6.594062008654879,2881.5490129555083,298.1969727430096,1.5008390118182242,0.7131208300290917,0.2718026207493458,0.004038402580708842,6.854955862958008,6.141835032928916,3382.093265424974,332.5788440185979
0.8475,1.7869116132899296,-2.4216350538820475,0.21593144184493582,0.003340046855162852,4.15330027761881,6.574935331500858,2864.187477333286,295.20093833763366,1.4874900693357158,0.7652878362065945,0.27228820356081507,0.0039999387904291455,6.867355710850902,6.102067874644307,3396.0751819483417,331.60312606257753
0.8525,1.7705660683878157,-2.4583548719993327,0.21368902699004094,0.0032766294271285583,4.097294832014017,6.55564970401335,2845.7518908763473,292.09283479426057,1.4738788378745855,0.8183861575736238,0.2728180190674421,0.003963097873826921,6.880771631023875,6.062385473450251,3409.388515748112,330.5509428201775
0.8575,1.75387427556699,-2.4946534017458335,0.21147671944243823,0.003214664263556606,4.041681094477054,6.536334496222888,2826.0269022749253,288.85157100072297,1.4599794639405432,0.8723927792881527,0.27339311587466886,0.003927899148372858,6.895170341838483,6.02277756255033,3421.930803972344,329.413181496519
0.8625,1.7367921823305588,-2.530538154287054,0.2093218697063453,0.0031545530665619045,3.9862248398199993,6.5167629941070535,2805.214723205959,285.50018592438346,1.4457552796831323,0.927300190184682,0.2740136991049101,0.0038943605330536567,6.910541213905004,5.983241023720322,3433.5780822475886,328.1794216937082
0.8675,1.719271096170971,-2.566016097199053,0.20722506041874944,0.0030962756455654374,3.930918302507101,6.496934399706154,2783.2354078304957,282.0322097638464,1.4311657552454122,0.9831014226871506,0.2746800918138853,0.00386250685062787,6.926873237020178,5.943771814333028,3444.1910605050302,326.8380575337174
0.8725,1.7012573837933653,-2.6010940441264023,0.20518691961996546,0.0030398148962440703,3.8757538145229717,6.476847858649374,2760.000927549512,278.44053667330576,1.4161662484508357,1.0397896631509855,0.27539278659615296,0.0038323709031867397,6.944154274970378,5.904364611819393,3453.613401874261,325.37616201480756
0.8775000000000001,1.6826918011491936,-2.635778658960587,0.20320819289043274,0.002985156371272785,3.8207229667560285,6.456501625716616,2735.413717753288,274.71725846645063,1.4007074471736596,1.0973582476847046,0.2761525112338531,0.003803994054162472,6.962370442874886,5.8650121951901815,3461.669198506671,323.77926738697965
0.8825000000000001,1.6635087069513765,-2.6700764598848057,0.20128977769184145,0.002932288327619977,3.765816268600391,6.435892728485197,2709.3652789910952,270.8535369669147,1.384734714727737,1.1558006581051075,0.27696700078960923,0.00377737094439179,6.981424965079889,5.825624306974782,3468.128202490369,322.02305811424685
0.8875000000000001,1.6436246453671055,-2.703988781536166,0.19943171623661615,0.0028811922633708766,3.7110363905838013,6.415025172119967,2681.723713363563,266.8388516782772,1.3681785860065734,1.2151155597750876,0.27782262387535683,0.0037526619697518405,7.001478199280099,5.786362639505011,3472.814832219921,320.1048412477614
0.8925000000000001,1.6229446904230256,-2.7375181663079893,0.19763387240807243,0.00283184917072913,3.6563860666840835,6.393904232992073,2652.3384048015173,262.6611847830506,1.3509600488796114,1.2753004103013188,0.2787251852987927,0.003729868045129534,7.022453375246062,5.7471529649447435,3475.423448499372,317.99554194622203
0.8975000000000001,1.601392906172518,-2.770679939613626,0.19589906503162577,0.002784271801416272,3.601831740662115,6.372511680275741,2621.0732219213355,258.3090174148856,1.3330158996974895,1.3363398842704566,0.27967908748393944,0.003709095320538084,7.044299022332056,5.707959138061599,3475.68710754081,315.67278100616676
0.9025000000000001,1.5788648933134322,-2.803480057957109,0.19423549839880086,0.00273840536053188,3.547282090102973,6.350762148060082,2587.7186764590697,253.76065573664124,1.3142592424857649,1.3982280251784678,0.2806865785474095,0.0036904443524029265,7.066990722793547,5.66876269761508,3473.275081386854,313.11028014227827
0.9075,1.5552424598157746,-2.8359243511597247,0.1926314520772472,0.002694368437270076,3.492878597989609,6.328802949149334,2552.1526609031725,249.0152555859156,1.2945917012200014,1.460959003204061,0.281750425546692,0.0036740330501535048,7.090500544896049,5.629541541691988,3467.809323750968,310.27818443925366
0.9125,1.5303910777551248,-2.868018525671824,0.1910955682015739,0.0026521165438976,3.438526828634583,6.306545354306407,2514.116038721575,244.04699605418432,1.2739013030670707,1.524527111896889,0.28287407162842737,0.003659998905816354,7.11479571644631,5.590268604549421,3458.8556804166874,307.14237015182306
0.9175,1.5041567101606916,-2.8997681677825806,0.18963015844607434,0.0026116684090586556,3.38420794917558,6.2839761169581605,2473.3543259278003,238.83502343920378,1.2520598372664336,1.5889267649677805,0.284061713185465,0.0036485027346908907,7.139838359334711,5.55091159436693,3445.913545120214,303.6637264617935
0.9225,1.4763618072640654,-2.9311787467313573,0.18823795911926866,0.0025730512163291953,3.329900225229155,6.261078971960512,2429.574490592161,233.35531251633222,1.228919522672369,1.6541524931773672,0.2853184630221288,0.0036397329555188764,7.165584387004328,5.511431893826961,3428.4026047329385,299.79718317628044
0.9275,1.4467434958375711,-2.962246475609644,0.1869161432154694,0.00253624050103659,3.27563417511355,6.237880650723194,2382.3680183105557,227.57567027594388,1.2042615571953068,1.720208083434164,0.28664069733279507,0.0036337076653788925,7.19204486538034,5.471836781946176,3405.472158626475,295.47609069197995
0.9325,1.41507601713942,-2.992982860019619,0.18567010854616378,0.002501301599496892,3.2213616485459977,6.214344508565617,2331.354383728486,221.4644831436487,1.1778980352847173,1.7870820301359904,0.28799123132651755,0.0036302748143627658,7.219534549865518,5.4324525197295275,3376.064423114952,290.62223075522877
0.9375,1.3810837068034363,-3.0233963217483417,0.18450562879554952,0.0024683117337122662,3.1670354403380925,6.190431762086434,2276.0748651341646,214.98379640316978,1.1495995128241898,1.854765911495786,0.28942754828274586,0.003630284014804318,7.247583676907495,5.392817765411709,3339.606607274499,285.19246931804025
0.9425,1.3444143971666453,-3.05349187759172,0.18342747943139392,0.00243734823688929,3.1126200350862177,6.166111912677938,2215.9542546783655,208.0864722533393,1.1190728682278506,1.923254710717643,0.29095936981953124,0.003634084832954262,7.276116390156534,5.352861679438891,3294.951494528491,279.1003916560881
0.9475,1.3046391452004777,-3.0832744419878098,0.18233986078352804,0.002407288194161985,3.0588542225335975,6.142128664521407,2149.277730943009,200.63212121027033,1.085961076969833,1.9925435133635068,0.2925986243898949,0.003642099816762495,7.305041546604253,5.312498033240746,3240.704801964274,272.24157529886253
0.9525,1.261226932208012,-3.1127488295853163,0.1813139485744852,0.002378880231360229,3.0051612480065493,6.117910077591866,2075.7645536040177,192.59358627581716,1.0498221530753473,2.0626275047846736,0.2943602357901598,0.0036548491905241754,7.3342471219287235,5.27161961714405,3175.14649824182,264.4878625116336
0.9575,1.2135075683990793,-3.1419197577361166,0.18039696239755304,0.002352897561520291,2.9512053042508897,6.093125061987006,1994.831572883927,183.92646606455276,1.0100982729941963,2.133501967629263,0.2962634339228322,0.0036729894811848756,7.363590913350275,5.230088945721012,3096.116034884486,255.6789517591084
0.9625,1.1605867656088305,-3.1707905266295637,0.17959904531858273,0.0023295573166159877,2.8969153883639565,6.06770591499352,1905.0565338573763,174.5138109629516,0.9660450859426937,2.205163601707924,0.2983342599428203,0.0036972698375832766,7.392861097546658,5.187697495838734,3000.7571362919184,245.60159079284722
0.9675,1.1010558922288365,-3.1993574060728167,0.17890607484522061,0.0023088785684115087,2.8424076806165846,6.041765086689401,1804.2749900038502,164.18246269483996,0.916490124415592,2.2776161372134975,0.30053098763066266,0.0037283684382265784,7.422422022026212,5.1448058848127145,2884.9101295675664,233.97740504870154
0.9725,1.0334132831821603,-3.2276347718134284,0.17835606395701115,0.002291501335692184,2.7873955356529994,6.015030307466428,1690.042414109863,152.72584310187884,0.86018349718418,2.3508451983984298,0.30292825913364485,0.0037679646723907225,7.451693227890816,5.100848029492386,2743.6839158042903,220.4341751090226
0.9775,0.9551912925850956,-3.255626964142919,0.17797371022919795,0.0022780677936513625,2.7317039604058944,5.9873309245488135,1558.4442861329355,139.81876737037445,0.7950712765184149,2.4248464449712026,0.3055642903256354,0.0038180585861249156,7.480400101295001,5.055553656323799,2569.479048044567,204.42078673932758
0.9825,0.8624602969526677,-3.2833382378679214,0.1777957473466363,0.002269604418790864,2.6750727523011513,5.958410990169073,1403.2509485310197,124.9416253451982,0.7178826598671617,2.4996156221251784,0.30849085141553245,0.0038817232847182513,7.5081707741487085,5.00855515202353,2350.3529248858945,185.0713521398577
0.9875,0.7481974799275452,-3.3107727643816127,0.1778791010176356,0.0022678970653645,2.617097762989918,5.927870527371531,1213.3354843982024,107.16240256528081,0.6227722249301093,2.575148558467184,0.31177690041795725,0.003964162704468575,7.534507513639079,4.959358955171895,2065.2733549119257,160.85905595016484
0.9925,0.5970746560202019,-3.3379346336759386,0.17829762367727653,0.002276364963515844,2.5572527935451235,5.895187427221062,964.4422426649741,84.44194541822449,0.4969815585203827,2.651441164005276,0.31546387220850414,0.0040753841085334796,7.559096231949532,4.907655067944256,1669.095536346141,128.50123718150934
0.9975,0.4524252324515413,-3.36482785629659,0.21397423892032802,0.0026851750589131683,2.2457127882859034,5.6105406445824935,684.1415218162628,55.73502720228839,0.3765798665689528,2.7284894281937575,0.3874858303483498,0.005004380962887085,7.095985914880278,4.3674964866865205,1220.1073578235153,82.13071090979868
