r_R,chord_initial,twist_initial_deg,a_initial,aprime_initial,alpha_initial_deg,phi_initial_deg,fnorm_initial,ftan_initial,chord_optimized,twist_optimized_deg,a_optimized,aprime_optimized,alpha_optimized_deg,phi_optimized_deg,fnorm_optimized,ftan_optimized
0.2025,3.3925,-9.165000000000001,0.5754349436060369,0.15975971139293402,3.5686645748202164,12.733664574820217,383.5607844311523,81.43004381596208,3.6864241201669516,-7.867071668154855,0.6212700199057147,0.1681456656326933,3.450127837495991,11.317199505650846,411.7031520351849,76.7234943973327
0.20750000000000002,3.3775,-9.095,0.4907918662552087,0.12903677030956962,6.104975912356341,15.199975912356342,552.1385563624956,144.24927945688722,3.668952959977832,-7.787480778438835,0.5366786591967951,0.13704922903053982,6.004163895532671,13.791644673971506,597.1168759762847,140.3550021346648
0.21250000000000002,3.3625,-9.024999999999999,0.44698149975160556,0.11107519001445985,7.294226433517611,16.31922643351761,642.1987474877367,181.82637811501812,3.65146969121137,-7.707872180814869,0.4926845763661592,0.11838741616617508,7.2323541878960675,14.940226368710936,697.3324709675347,179.40945666493485
0.21750000000000003,3.3475,-8.954999999999998,0.416632077692047,0.0982006707422426,8.021948550226597,16.976948550226595,704.7300628521702,208.48461466795473,3.633974313867565,-7.628246201947815,0.46211460264383847,0.10489429419132781,8.002447936064339,15.630694138012153,767.5110795468252,207.57246670184827
0.2225,3.3325,-8.885,0.3934373271724497,0.08825673973840245,8.5020219767009,17.3870219767009,753.1736678612945,228.78541134071793,3.6164668279464176,-7.548603168502528,0.4387120220281374,0.09444482508799082,8.524220785799912,16.07282395430244,822.2932829985826,229.322946821365
0.2275,3.3175,-8.815,0.37461590297953434,0.08018931059276992,8.831431157600383,17.646431157600382,792.8708908326819,244.78433107582117,3.5989472334479276,-7.468943407143866,0.41943089255999555,0.08591816848088643,8.901642383380704,16.37058579052457,867.1014225392078,246.67370790975548
0.2325,3.3025,-8.745,0.3588217197181689,0.07344920437604727,9.058655229251562,17.80365522925156,826.7425491023515,257.66609366035243,3.5814155303720954,-7.389267244536679,0.4033270762818816,0.07881003952776684,9.171134438726373,16.560401683263052,905.7138205291413,260.82543445112645
0.23750000000000002,3.2875,-8.674999999999999,0.3458084358293065,0.06778822085918552,9.197212022457885,17.872212022457884,857.5303705087651,268.3490728571018,3.56387171871892,-7.309575007345826,0.38986044733087744,0.07274781733168624,9.355593347859296,16.66516835520512,940.4709457827356,272.3889490044969
0.2425,3.2725,-8.604999999999999,0.33481338796512544,0.06292623164913194,9.27388202047854,17.87888202047854,885.9747902276187,277.28839230307324,3.546315798488403,-7.229867022236164,0.3785086633738936,0.06754791501597605,9.474056297192107,16.70392331942827,972.6586224914378,282.09458212357225
0.2475,3.2575000000000003,-8.534999999999998,0.3253936450581064,0.058698394411551696,9.304408698874743,17.839408698874742,912.6779742722487,284.8737140955047,3.528747769680542,-7.150143615872544,0.36893324674624817,0.06307089409760672,9.539368009937611,16.689511625810155,1003.1800738471057,290.48717236777566
0.2525,3.2425,-8.464999999999998,0.3173101485613793,0.05500776152817561,9.297728561286794,17.762728561286792,938.2125113381004,291.4847956332118,3.511167632295339,-7.070405114919823,0.360621397695936,0.05914457327085304,9.568476268898085,16.638881383817907,1032.1081774946574,297.7683295479267
0.2575,3.2275,-8.394999999999998,0.3103013515101095,0.0517517787671314,9.263048511252043,17.65804851125204,962.8279276216789,297.302593481185,3.4935753863327936,-6.990651846042859,0.35367852751445006,0.05571264436624636,9.561036950362684,16.551688796405543,1060.5316053717381,304.2597263002457
0.2625,3.2125000000000004,-8.324999999999998,0.304082888638185,0.04882775944362845,9.209697409939844,17.53469740993984,986.496161547654,302.33410093827325,3.475971031792906,-6.910884135906504,0.3476073712446044,0.052651021252366766,9.53192613373869,16.442810269645193,1088.0202666153718,310.00561057832897
0.2675,3.1975000000000002,-8.254999999999997,0.2985442492288346,0.04618836460280712,9.141516753851166,17.396516753851163,1009.3953704842263,306.7131632557113,3.4583545686756754,-6.831102311175616,0.34227182762124936,0.04990065751624875,9.48597245142312,16.317074762598736,1114.753855601419,315.1241584152217
0.2725,3.1825,-8.184999999999997,0.29359311350211165,0.04379951942391701,9.061753380055025,17.246753380055022,1031.7297020795063,310.58284366534946,3.4407259969811017,-6.751306698515049,0.3375822837965577,0.04741960160864581,9.426580625864133,16.17788732437918,1140.97383341392,319.737237087298
0.2775,3.1675,-8.114999999999997,0.2891553155242737,0.041624810815459386,8.972827512452861,17.087827512452858,1053.558965390997,314.0002639910198,3.4230853167091864,-6.6714976245896604,0.3334547808295041,0.04516735689408037,9.356497101796991,16.027994726386652,1166.7392359805822,323.90120408771094
0.28250000000000003,3.1525,-8.044999999999996,0.28515628942863036,0.039636826496871655,8.877165545109824,16.92216554510982,1074.9756614093583,317.0359121838148,3.405432527859928,-6.5916754160643025,0.3298140515110157,0.04311244911702644,9.27817653612074,15.86985195218504,1192.1207273816317,327.6742995901097
0.28750000000000003,3.1375,-7.974999999999996,0.2815336792563929,0.03781293462877102,8.77673959599001,16.751739595990006,1096.059638440788,319.7501374632249,3.3877676304333266,-6.511840399603833,0.3264538715759979,0.04119955943754299,9.197359183039744,15.709199582643576,1216.870979068716,330.9262478797553
0.29250000000000004,3.1225,-7.904999999999996,0.27804850260726155,0.03611171453121628,8.677314097697002,16.582314097696997,1116.2277225734538,322.05772789228797,3.370090624429383,-6.431992901873107,0.3233800053988021,0.0394231541491737,9.114020507795932,15.546013409669039,1241.1648154852994,333.7721475618924
0.29750000000000004,3.1075,-7.8349999999999955,0.2747097047102361,0.03452392495231596,8.57876207060752,16.413762070607515,1135.6362183759206,324.01757603266844,3.352401509848097,-6.35213324953698,0.3206222429117367,0.03777997701999445,9.02747994637626,15.37961319591324,1265.179952295995,336.3282044951096
0.3025,3.0925000000000002,-7.764999999999997,0.27162450744601563,0.0330509152556001,8.47873793186649,16.243737931866487,1154.7461489424827,325.74223260410304,3.334700286689469,-6.272261769260307,0.31813630406647275,0.036256602997325145,8.939081346585274,15.211343115845581,1288.992145529774,338.6450813193859
0.3075,3.0775,-7.694999999999997,0.268767471021794,0.03168078158385217,8.377936650780427,16.072936650780424,1173.5930527817277,327.2587623726727,3.3169869549534976,-6.192378787707944,0.31590316632501325,0.03483909804398339,8.849272357074167,15.04165114478211,1312.5976656278226,340.73253251242056
0.3125,3.0625,-7.6249999999999964,0.26611628308859997,0.030403302273414697,8.276942452013346,15.901942452013342,1192.2095632987248,328.5913876180787,3.2992615146401834,-6.112484631544745,0.31389194659291264,0.033517339701675586,8.758920342491223,14.871404974035968,1336.0465420281128,342.6251273986763
0.3175,3.0475000000000003,-7.554999999999995,0.26356813698350134,0.029203928898018802,8.17804685217326,15.733046852173254,1210.3646476772622,329.7287081136134,3.281523965749527,-6.032579627435567,0.31182329729220437,0.03226333689250799,8.674088425253492,14.706668052689059,1358.6424920317231,344.2537329068042
0.3225,3.0325,-7.484999999999995,0.2610688856598734,0.028071451454068534,8.082286981038003,15.567286981037997,1227.8891487539652,330.6538192232433,3.2637743082815276,-5.952664102045265,0.30983010414743606,0.031081877620716347,8.591843598599386,14.544507700644651,1380.831096050597,345.69586981993575
0.3275,3.0175,-7.414999999999995,0.2587237620071511,0.02700891193243039,7.987435698426,15.402435698425995,1245.2285932781367,331.44679028597244,3.2460125422361865,-5.872738382038695,0.30800268955557314,0.029971925756527677,8.510129165554336,14.38286754759303,1402.8647994563973,346.98475907924757
0.3325,3.0025,-7.344999999999995,0.25652068691476215,0.026010242674197548,7.8937404429005,15.238740442900495,1262.403771839164,332.1216968793326,3.228238667613502,-5.792802794080711,0.3063228078879302,0.028927832106787024,8.429402546969662,14.222205341050373,1424.7877434990237,348.1455656439723
0.3375,2.9875,-7.274999999999996,0.25444885290952707,0.025070080273454115,7.801407481919992,15.076407481919988,1279.4340051738848,332.69123979438376,3.2104526844134758,-5.712857664836171,0.30477893166300973,0.027943973538149973,8.34988892732581,14.06274659216198,1446.6173750070832,349.1908739848375
0.3425,2.9725,-7.204999999999996,0.252498617609759,0.02418367240553075,7.710607995149833,14.915607995149829,1296.338298452262,333.16703065889874,3.192654592636106,-5.632903320969926,0.3033549861617006,0.027016006769488992,8.271964870785101,13.904868191755028,1468.397242622775,350.14375249502774
0.3475,2.9575000000000005,-7.134999999999996,0.25066687774035534,0.023346801786714465,7.621376131714719,14.756376131714715,1313.154439047317,333.55771812398456,3.174844392281394,-5.552940089146837,0.30200414900596895,0.02613546058747072,8.19633981113886,13.749279900285696,1489.9203623251763,350.97544468831853
0.3525,2.9425,-7.064999999999995,0.24893999650009505,0.022555617725284114,7.5339382188872,14.598938218887195,1329.876759897601,333.87425012451996,3.1570220833493394,-5.4729682960317545,0.3006233941684565,0.025295565149210525,8.125071961931695,13.59804025796345,1510.9729960155373,351.69544528925985
0.3575,2.9275,-6.994999999999996,0.24731111326239363,0.021806674974312424,7.448379235183726,14.443379235183722,1346.518531036714,334.124569374217,3.1391876658399425,-5.392988268289538,0.29934347177926274,0.024499585041978782,8.055504823346052,13.448493091635589,1531.9803320622543,352.3402194694947
0.3625,2.9125,-6.924999999999995,0.24577390164651608,0.02109687869668975,7.364769350316598,14.289769350316593,1363.0926342959149,334.3160622005969,3.121341139753203,-5.31300033258504,0.29815829742275624,0.023744251226229383,7.9877042336036235,13.300704566188664,1552.9528372146342,352.91640935029267
0.3675,2.8975,-6.854999999999995,0.24432262943513505,0.020423429113608126,7.2831624642673685,14.138162464267364,1379.6110338787344,334.45538112148836,3.1034825050891204,-5.233004815583117,0.2970619521597617,0.023026656615003957,7.921733672297266,13.154738487880383,1573.9023236453563,353.43085850687334
0.3725,2.8825000000000003,-6.784999999999995,0.24295210942728648,0.01978378472292284,7.203598049458153,13.988598049458147,1396.084768879103,334.54848608111126,3.0856117618476957,-5.153002043948624,0.29604902900673724,0.022344167964204742,7.857642728293569,13.010644772242193,1594.8397427882812,353.88976146425057
0.3775,2.8675,-6.714999999999995,0.24158221229587845,0.01917021541937173,7.1274815137195615,13.842481513719557,1412.1951690584108,334.5360075035731,3.067728910028928,-5.072992344346417,0.29510947381307073,0.021694887203177547,7.795627133568136,12.868619477914553,1615.8037527715594,354.3097308613866
0.3825,2.8525,-6.644999999999995,0.2402665554322787,0.01858524734597128,7.053749084951087,13.698749084951082,1428.2055563542076,334.4748004770361,3.0498339496328177,-4.992976043441352,0.29424931607349825,0.021075595865302256,7.735384756536069,12.728360799977422,1636.7447137350593,354.6729721785446
0.3875,2.8375000000000004,-6.574999999999994,0.2390200002711828,0.018028100389393356,6.982049998692391,13.557049998692385,1444.1935372162395,334.38154049977624,3.031926880659365,-4.9129534678982845,0.29346206429926575,0.02048481439987727,7.677048485945545,12.59000195384383,1657.7107706850559,354.9937950864176
0.3925,2.8225000000000002,-6.504999999999994,0.23783904912205447,0.01749699100015358,6.912385761387185,13.417385761387179,1460.1677835304101,334.26022833154633,3.01400770310857,-4.832924944382068,0.2927428610017974,0.019920711526470035,7.620645438809481,12.453570383191549,1678.7048951512795,355.27654963082216
0.3975,2.8075,-6.434999999999994,0.23672042468003926,0.016990286749949023,6.8447537003118955,13.27975370031189,1476.1367334711479,334.11460166304886,2.996076416980433,-4.752890799557559,0.2920862106889557,0.019381639344508664,7.566215231275445,12.319106030833003,1699.728762420392,355.5262479880552
0.4025,2.7925000000000004,-6.364999999999994,0.2356611972565862,0.016506479745825465,6.779143589314486,13.14414358931448,1492.1078530340253,333.9478744992887,2.9781330222749522,-4.672851360089615,0.29148883518810986,0.018866061181280695,7.513756098037701,12.186607458127316,1720.7889336669737,355.74622596980186
0.40750000000000003,2.7775,-6.294999999999994,0.23465855551341447,0.016044188286509425,6.715543959378764,13.010543959378758,1508.0886837308815,333.7631550460586,2.960177518992129,-4.5928069526430875,0.2909477566690344,0.018372556476569248,7.463259688963371,12.056066641606458,1741.8910393673393,355.93935541711835
0.41250000000000003,2.7625,-6.224999999999993,0.2337099544055708,0.01560213297278176,6.653938143310989,12.878938143310982,1524.086022521764,333.5631517716077,2.9422099071319634,-4.512757903882836,0.29046017468907437,0.017899817215799845,7.414714717340196,11.927472621223032,1763.0403669172304,356.10828363817603
0.41750000000000004,2.7475,-6.154999999999993,0.23281300896792184,0.015179132618181322,6.594307174990054,12.749307174990047,1540.1063785144788,333.3503616677254,2.924230186694455,-4.432704540473712,0.29002905332838913,0.017446220333169758,7.367949999038744,11.800654539512456,1784.2101090366034,356.24390409240095
0.42250000000000004,2.7325,-6.084999999999993,0.2319654967265032,0.014774093730199226,6.536629736015013,12.621629736015006,1556.1558960643026,333.1270548799584,2.9062383576796043,-4.352647189080573,0.2896409546400832,0.017011476485198865,7.3232589330789395,11.675906122159512,1805.4668327019517,356.3710752540086
0.42750000000000005,2.7175000000000002,-6.014999999999993,0.23116533539984538,0.014386002844806485,6.480882744623298,12.495882744623291,1572.2404089407444,332.8953070062039,2.8882344200874113,-4.272586176368276,0.28929899412632076,0.016594133652971875,7.280468305838345,11.55305448220662,1826.7838445155344,356.4805211698968
0.43250000000000005,2.7025,-5.944999999999992,0.23041056634522597,0.014013919444849136,6.427041774659492,12.372041774659484,1588.36547225424,332.65702158392975,2.8702183739178757,-4.192521829001675,0.2890009862415006,0.01619323051115264,7.239557557175714,11.432079386177389,1848.1647824385045,356.57403175858167
0.4375,2.6875,-5.874999999999994,0.22969940698716287,0.013656965861352961,6.375079752849628,12.250079752849622,1604.5360466560119,332.41382808415693,2.852190219170997,-4.112454473645624,0.2887448797768182,0.01580787235437082,7.200504291301749,11.312958764947373,1869.6128187167953,356.65319379743914
0.4425,2.6725000000000003,-5.8049999999999935,0.22903015572869612,0.013314326570527243,6.324969356502902,12.129969356502896,1620.756939761946,332.1672506611533,2.834149955846776,-4.032384436964981,0.2884839664783775,0.015435766353594525,7.164038079993266,11.196422516958247,1890.9937449484594,356.7074430839886
0.4475,2.6575,-5.734999999999993,0.22840121233201943,0.0129852412159702,6.276682472607821,12.011682472607815,1637.0326646061308,331.9186654124825,2.8160975839452123,-3.952312045624599,0.288249496220731,0.015076689257352206,7.1295002577811974,11.081812303405796,1912.3521651900192,356.7324856879384
0.4525,2.6425,-5.664999999999992,0.2278110687169856,0.012669000022373514,6.230190406051351,11.895190406051343,1653.3674520643597,331.6693127441821,2.798033103466306,-3.872237626289334,0.2880532982576265,0.014731014344850774,7.096700678254097,10.96893830454343,1933.78964018584,356.74824629328003
0.4575,2.6275000000000004,-5.594999999999993,0.22725830069155936,0.012364939664597703,6.1854640586740635,11.780464058674056,1669.765261915991,331.42030853004087,2.779956514410057,-3.7921615056240436,0.28789379096677326,0.01439805099122832,7.065612890123019,10.857774395747063,1955.3079198028072,356.7556501374758
0.4625,2.6125,-5.524999999999992,0.2267551996197386,0.01207277472913515,6.14227714372963,11.667277143729622,1686.310513577906,331.17627471850295,2.761867816776466,-3.712084010293581,0.2877694032098467,0.014077156673602221,7.036211713508933,10.748295723802514,1976.908783590133,356.75563457942405
0.4675,2.5975,-5.454999999999992,0.22630214185039157,0.011791848984195712,6.100571013880061,11.555571013880053,1703.0052446614798,330.9358999942564,2.743767010565532,-3.632005466962803,0.28768416217594506,0.013767401619128256,7.008330649300366,10.64033611626317,1998.5594261832325,356.73764558586083
0.47250000000000003,2.5825,-5.384999999999992,0.22588183970624326,0.011521305729123582,6.060561259366977,11.445561259366968,1719.7717200045386,330.69815112400045,2.7256540957772555,-3.551926202296564,0.2876256750145778,0.013468878542502626,6.982224770859615,10.534150973156178,2020.3286631662268,356.72499473856243
0.47750000000000004,2.5675,-5.314999999999992,0.22549920223815575,0.011260372832573045,6.022080956304961,11.337080956304954,1736.5819342648801,330.453329115734,2.707529072411636,-3.471846542959719,0.28759792542509444,0.013180729206046519,6.957729855111284,10.429576398071003,2042.1840288991048,356.7071941728493
0.48250000000000004,2.5525,-5.244999999999993,0.22514101034729067,0.011009105867772769,5.985375424906409,11.230375424906402,1753.4997833270975,330.22288654549243,2.689391940468674,-3.391766815617126,0.2875995055839041,0.012902458290065888,6.934821892882878,10.326588708500005,2064.126368783029,356.6849218411328
0.48750000000000004,2.5375,-5.174999999999992,0.2248121587314202,0.010766789734603896,5.950279378802248,11.12527937880224,1770.4974875341431,329.9971173883622,2.6712426999483703,-3.3116873469336374,0.28762909911946966,0.01263359707537844,6.913475779395223,10.22516312632886,2086.155915257875,356.6586786769256
0.4925,2.5225,-5.104999999999993,0.22451164655903513,0.010533001123444439,5.916763414415035,11.021763414415028,1787.5770981579747,329.77648350155727,2.653081350850724,-3.231608463574111,0.28768540625891414,0.012373705311801335,6.8936671490285315,10.125275612602643,2108.2727293512758,356.62893862366826
0.4975,2.5075000000000003,-5.034999999999993,0.22423849967342827,0.01030734196060113,5.8847988176068,10.919798817606793,1804.7405274279404,329.5614070368127,2.634907893175734,-3.1515304922034018,0.2877671540948664,0.012122368400710645,6.875372063536344,10.026902555739746,2130.476616520747,356.5961247734898
0.5025,2.4925000000000006,-4.964999999999994,0.2239917860881524,0.010089436871272473,5.854357182277432,10.819357182277425,1821.989456143601,329.35224288212294,2.616722326923402,-3.0714537594863645,0.28787309110263204,0.011879195659505501,6.858567094835279,9.930020854321643,2152.767141525584,356.5606178205308
0.5075000000000001,2.4775,-4.894999999999992,0.22377061004016235,0.009878931713506614,5.82541050897177,10.720410508971762,1839.3253513531863,329.1492878636046,2.598524652093727,-2.991378592087852,0.288001982552797,0.011643818698529195,6.843229384066968,9.83460797615482,2175.1436390205417,356.5227628017797
0.5125,2.4625000000000004,-4.824999999999994,0.2235741101970569,0.009675492086650419,5.7979312117424175,10.622931211742412,1856.7494638520027,328.9527830151346,2.58031486868671,-2.9113053166727263,0.2881526490612363,0.011415887945592666,6.82933569896764,9.740641015640366,2197.604956947074,356.4827914565553
0.5175000000000001,2.4475,-4.754999999999992,0.2234014535638605,0.009478802124788112,5.7718922156765124,10.526892215676504,1874.262848738245,328.76292308319086,2.56209297670235,-2.8312342599058358,0.2883239047071775,0.011195074137689392,6.816863855245609,9.648098115151445,2220.149825574923,356.44094293440344
0.5225,2.4325,-4.6849999999999925,0.22325182902105695,0.009288563399516095,5.747267057656342,10.432267057656334,1891.8663889126838,328.5798665494626,2.543858976140648,-2.751165748452042,0.2885145887707333,0.010981065389807353,6.8057919273048935,9.556957675756935,2242.776645371549,356.39739952968205
0.5275000000000001,2.4175,-4.614999999999991,0.2231244539567563,0.009104493469871609,5.724029714350225,10.339029714350216,1909.560751757599,328.4037241100267,2.5256128670016027,-2.671100108976196,0.2887235499599574,0.010773566653684346,6.79609857612548,9.467198685101677,2265.483571166011,356.3523162130599
0.5325,2.4025000000000003,-4.544999999999993,0.22301856863401337,0.008926324973377179,5.7021546895475215,10.247154689547514,1927.3464096352557,328.23456759338666,2.5073546492852152,-2.5910376681431564,0.28894964694100395,0.010572298503762432,6.787762996036207,9.378800664179364,2288.268495676626,356.30581817228534
0.5375000000000001,2.3875,-4.474999999999991,0.22293343443024585,0.00875380466158953,5.681617019678686,10.156617019678677,1945.2236411039269,328.0724324874233,2.489084322991485,-2.510978752617774,0.2891917446427179,0.010376996205041055,6.780764958994675,9.29174371161245,2311.129059994746,356.2580066550608
0.5425,2.3725000000000005,-4.404999999999993,0.222868332240388,0.0085866925096678,5.662392276534601,10.067392276534594,1963.1925318577175,327.9173202529754,2.4708018881204126,-2.43092368906491,0.28944872190132465,0.010187408404562791,6.7750846097879,9.20600829885281,2334.062594215237,356.20894329571996
0.5475000000000001,2.3575,-4.334999999999991,0.222822561031836,0.008424760893436212,5.644456567538614,9.979456567538605,1981.2529754036407,327.7692004403506,2.4525073446719965,-2.3508728041494145,0.2897194587951513,0.010003296740475703,6.770702713302544,9.121575517451959,2357.066184907732,356.15867336468887
0.5525,2.3425000000000002,-4.264999999999992,0.22279543654065675,0.008267793828079042,5.627786533879798,9.89278653387979,1999.404673487399,327.6280126232948,2.4342006926462396,-2.270826424536149,0.29000283692316575,0.009824434965963583,6.76760061131752,9.038427035853669,2380.136662586105,356.10722413990254
0.5575,2.3275000000000006,-4.194999999999992,0.22278629010007572,0.00811558626318883,5.612359346773101,9.807359346773094,2017.64713627671,327.49366816309447,2.415881932043139,-2.190784876889965,0.2902977423993022,0.009650608048587589,6.7657601250450226,8.956545001934987,2403.270572839775,356.0545983888734
0.5625,2.3125,-4.124999999999992,0.22279446921610996,0.007967943383721653,5.5981526709340566,9.723152670934049,2035.9796738376428,327.3660492443368,2.397551062862696,-2.1107484878757172,0.2906030628381857,0.009481611567523194,6.765163590262418,8.875912078138136,2426.464185243079,356.0007793109479
0.5675,2.2975000000000003,-4.054999999999992,0.22281932881878874,0.00782468022431237,5.5851448078776,9.640144807877592,2054.401436673975,327.2450227165452,2.37920808510491,-2.0307175841582623,0.29091768372645777,0.009317251175292666,6.765793904029726,8.796511488187988,2449.7135064236963,355.94573655508657
0.5725,2.2825,-3.9849999999999923,0.2228602441134393,0.0076856207193987825,5.5733144248709205,9.558314424870913,2072.911343875455,327.13041973877205,2.3608529987697815,-1.9506924924024556,0.2912462995531701,0.009157143909265818,6.767514774433246,8.718207266835702,2472.978381933628,355.87877510628886
0.5775,2.2675,-3.9149999999999925,0.22291659949902923,0.007550597476746962,5.562640745852901,9.477640745852893,2091.5081365053397,327.02205343419485,2.342485803857311,-1.8706735392731528,0.29157636843016455,0.00900150806644906,6.7705466415410545,8.641220180814207,2496.3248658021384,355.82083229195143
0.5825,2.2525000000000004,-3.8449999999999926,0.22299416177012946,0.007419288001249865,5.552985489970561,9.397985489970553,2110.1570110680527,326.9098120536988,2.3241065003674977,-1.7906610514352113,0.2919123868315727,0.008849979711395539,6.774757080309541,8.565418131744753,2519.713387177828,355.76148080315073
0.5875,2.2375000000000003,-3.774999999999993,0.22307974577677836,0.007291867073792209,5.544563119665524,9.319563119665517,2128.922221466468,326.81308709453134,2.305715088300342,-1.7106553555534825,0.29225322768053424,0.008702399151553719,6.780131040064418,8.490786395617901,2543.1388396941043,355.70063731126515
0.5925,2.2225,-3.704999999999993,0.2231789930266265,0.007168027069248954,5.537238000296309,9.242238000296302,2147.7693582882,326.72190965404786,2.287311567655843,-1.6306567782928238,0.29259775830834656,0.008558614199491844,6.786653970164281,8.417310748457105,2566.5958336648623,355.63820837551975
0.5975,2.2075000000000005,-3.634999999999993,0.22329133132290435,0.007047630420138183,5.530991246213977,9.16599124621397,2166.6963779349667,326.63601156647553,2.2688959384340017,-1.5506656463180912,0.2929448378969816,0.008418479826239406,6.794311848041891,8.344977494359982,2590.0787043643604,355.5740945955584
0.6025,2.1925,-3.5649999999999933,0.2234161985260502,0.006930546032844711,5.525804413076581,9.090804413076574,2185.7010366010836,326.5551061391415,2.250468200634818,-1.4706822862941393,0.2932933246663433,0.008281857550255777,6.803091016668996,8.273773302963136,2613.5814608964765,355.508177428298
0.6075,2.1775,-3.4949999999999912,0.22355304243971497,0.0068166489472479734,5.52165948388934,9.016659483889331,2204.7808881563615,326.4788886433701,2.232028354258292,-1.3907070248858242,0.29364206785789004,0.008148615325200503,6.812978325084858,8.203685349970682,2637.0978286815402,355.44033331173665
0.6125,2.1625,-3.4249999999999914,0.22370132079538602,0.006705820019363297,5.518538854442065,8.943538854442057,2223.9332817777104,326.40703669907424,2.213576399304423,-1.3107401887580026,0.2939899100580764,0.008018627131906235,6.823961064405923,8.134701253163925,2660.6212287557046,355.37042927140334
0.6174999999999999,2.1475000000000004,-3.3549999999999933,0.2238605013377306,0.006597945625377507,5.51642531816109,8.871425318161084,2243.155359318986,326.33921055344797,2.195112335773212,-1.2307821045755287,0.29433568717499625,0.00789177267114965,6.836026952612896,8.066809057188424,2684.1447718437194,355.2983228351441
0.6225,2.1325000000000003,-3.284999999999992,0.22403006201316394,0.006492917385610159,5.515302050386633,8.800302050386625,2262.4440524081806,326.2750532538136,2.176636163664657,-1.1508330990032538,0.2946782285654249,0.007767937076931189,6.849164118242073,7.999997217245327,2707.6612518748943,355.22386176468666
0.6275,2.1175000000000006,-3.2149999999999936,0.2242094912652931,0.0063906319070615,5.515152592072586,8.73015259207258,2281.7960792584445,326.2141907136692,2.1581478829787613,-1.070893498706041,0.2950163573221207,0.007647010648920617,6.863361082935999,7.93425458164204,2731.1631389099566,355.14688359698124
0.6325000000000001,2.1025,-3.144999999999992,0.2243982884414691,0.006290990543332265,5.515960832898855,8.660960832898848,2301.207941178487,326.1562316705171,2.1396474937155214,-0.9909636303487385,0.2953488907322212,0.007528888602856828,6.8786067427997795,7.869570373148518,2754.6425714454863,355.0672149876335
0.6375,2.0875000000000004,-3.074999999999994,0.22459596431568551,0.006193899170810821,5.517710993775433,8.592710993775427,2320.6759187656876,326.10076753323307,2.12113499587494,-0.9110438205962104,0.2956746409191574,0.0074134708378050815,6.894890348494727,7.805934169090937,2778.09134805962,354.984670847484
0.6425000000000001,2.0725,-3.0049999999999923,0.22480204173392215,0.006099267980125479,5.520387608708765,8.525387608708757,2340.1960677635298,326.0473721160684,2.1026103894570154,-0.8311343961133016,0.2959924156818755,0.007300661719282915,6.9122014839897,7.743335880103002,2801.5009183607617,354.89905326240904
0.6475,2.0575,-2.934999999999994,0.22501605638900546,0.006007011281954752,5.523975505991874,8.458975505991868,2359.7642145630207,325.9956012556687,2.0840736744617487,-0.7512356835648767,0.29630101954668464,0.007190369877366279,6.930530043878347,7.681765727443224,2824.8623731988414,354.81015018537573
0.6525000000000001,2.0425,-2.8649999999999927,0.22523755773308501,0.00591704732637474,5.528459788670359,8.393459788670352,2379.3759513255036,325.94499230671914,2.0655248508891386,-0.6713480096157837,0.29660533002188155,0.0070823672288458876,6.949758230533403,7.621106240149187,2848.130366977997,354.7075815667731
0.6575,2.0275000000000003,-2.7949999999999946,0.22546611003692496,0.005829298135004678,5.53382581422729,8.328825814227285,2399.0266307021448,325.89506351108776,2.046963918739187,-0.5914717009308852,0.29689223590535757,0.006976849917298653,6.970089242353778,7.561560943284663,2871.366110751631,354.61107544823506
0.6625000000000001,2.0125,-2.724999999999993,0.22570129360639263,0.005743689345286688,5.540059173420277,8.26505917342027,2418.7113601228157,325.8453132345067,2.0283908780118916,-0.5116070841750314,0.2971663886471596,0.006873599508647006,6.991408869933649,7.5030159541086805,2894.5247083312383,354.5105350426321
0.6675,1.9975000000000007,-2.654999999999993,0.22594270616781162,0.005660150066307298,5.547145668194182,8.202145668194175,2438.424995624514,325.7952190639988,2.0098057287072546,-0.4317544860130814,0.2974265946763801,0.00677253996358831,7.013708001663379,7.44546248767646,2917.595705103083,354.40567469370944
0.6725000000000001,1.9825000000000002,-2.584999999999993,0.22618996443524259,0.005578612745634912,5.5550712885823215,8.140071288582314,2458.162135186572,325.74423675834265,1.9912084708252742,-0.3519142331098851,0.29767166963211805,0.006673598625123326,7.036977639263625,7.38889187237351,2940.568206379482,354.2961786717956
0.6775,1.9675000000000005,-2.514999999999993,0.22644270587427345,0.005499013046711616,5.563822188498056,8.07882218849805,2477.917111536805,325.69179904292633,1.972599104365952,-0.27208665213030525,0.2979004111462031,0.006576706717554675,7.061209375627334,7.33329602775764,2963.431036915207,354.1817469231688
0.6825,1.9525000000000003,-2.4449999999999936,0.22670706577858693,0.0054211833094256106,5.5732830607453785,8.018283060745372,2497.650466823899,325.6281515997999,1.9539776293292874,-0.19227206973919184,0.29811167164240227,0.006481797766888471,7.086394164673541,7.278666234412733,2986.1723176800074,354.0619782252317
0.6875,1.9375000000000007,-2.374999999999994,0.22696993583061265,0.005345277867494896,5.583641860929343,7.958641860929337,2517.422260840791,325.5708254989729,1.9353440457152795,-0.11247081260140215,0.29830427288491823,0.006388809346584358,7.112523800079991,7.224994612681393,3008.779966814122,353.9365110476417
0.6925,1.9225000000000005,-2.304999999999994,0.22723735089813457,0.005271135245330808,5.594785090706781,7.899785090706774,2537.1932034863553,325.5101858852713,1.916698353523929,-0.032683207381793394,0.2984770648382858,0.00629768182384656,7.139589930699709,7.172273138081502,3031.2413598472253,353.8049298927547
0.6975,1.9075000000000004,-2.234999999999994,0.22750905376685882,0.00519870294171735,5.606699289929666,7.84169928992966,2556.9564821830727,325.4455577251253,1.8980405527552366,0.04709041925478252,0.29862883974171933,0.0062083599887424136,7.167585504005397,7.1204950847506145,3053.543826203704,353.666903943966
0.7025,1.8925000000000003,-2.164999999999994,0.22778482038324732,0.0051279312045885116,5.619371020280139,7.784371020280132,2576.704973675902,325.37623420967924,1.879370643409201,0.12684974064346843,0.2987486087997984,0.0061204335364771585,7.196570478204681,7.069720737561212,3075.5547997078165,353.5061275071724
0.7075,1.8775000000000006,-2.0949999999999944,0.2280644632107214,0.00505877296535882,5.632786831595041,7.7277868315950355,2596.431232693886,325.30147436991086,1.8606886254858228,0.20659443011940876,0.29879562862675646,0.006033511590563771,7.226990163284708,7.0203957331653,3097.1287291958006,353.3210125045826
0.7125,1.8625000000000005,-2.0249999999999946,0.22834783494313715,0.004991183782213069,5.646933225986787,7.671933225986781,2616.127479712148,325.22050044063025,1.8419944989851023,0.2863241610177482,0.2988168709413517,0.00594823466081735,7.258319616212699,6.971995455194951,3118.4834017357416,353.12630445241285
0.7175,1.8475000000000004,-1.9549999999999947,0.22863483362075296,0.004925121778015844,5.661796604498816,7.616796604498811,2635.785582578396,325.1324935708902,1.8232882639070394,0.3660386066736294,0.2988114474891382,0.00586455794788718,7.2905486650023725,6.924510058328743,3139.6032811618243,352.92127697229057
0.7225,1.8325000000000002,-1.884999999999995,0.22892540514243695,0.004860547631185741,5.677363256502792,7.562363256502787,2655.3970526018434,325.0365934097178,1.8045699202516334,0.44573744042220054,0.29877853116928993,0.005782439275797127,7.3236667815290355,6.877929341106835,3160.472211672388,352.70512778886143
0.7275,1.8175000000000006,-1.814999999999995,0.22921954845327988,0.004797424542206064,5.693619312494417,7.508619312494412,2674.953028153991,324.93189430924303,1.785839468018885,0.5254203355986046,0.29871736095016743,0.005701839126250726,7.357663065157784,6.832242729559179,3181.0734087276855,352.4769765552793
0.7325,1.8025000000000004,-1.7449999999999952,0.2295173227407694,0.0047357181900898665,5.710550672100641,7.455550672100636,2694.4442494863833,324.8174391858894,1.7670969072087943,0.6050869655379856,0.2986272530670482,0.005622720594396378,7.392526134931289,6.787439169393304,3201.389419741211,352.2358540204248
0.7375,1.7875000000000003,-1.6749999999999938,0.22981885270209185,0.00467539673402851,5.7281429656287175,7.403142965628711,2713.861044957156,324.69221642846185,1.7483422378213607,0.6847370035754886,0.29850761046395297,0.0055450493975562586,7.428244057410723,6.743507053835234,3221.402096887877,351.98069449303455
0.7425,1.7725000000000002,-1.604999999999994,0.23012433528423096,0.00461643081297389,5.746381498995228,7.351381498995222,2733.19331147456,324.5551552450837,1.7295754598565845,0.764370123046258,0.29835793448000497,0.0054687938750529715,7.4648042484146915,6.700434125368433,3241.0925615425085,351.7103258012886
0.7475,1.7575000000000005,-1.5349999999999941,0.23043404712920681,0.004558793555749437,5.765251194100118,7.300251194100112,2752.4304932902264,324.40512055956395,1.7107965733144657,0.8439859972854363,0.2981841503660861,0.005393838186057454,7.502099761319604,6.658113764034168,3260.4095528330126,351.41455145040743
0.7525000000000001,1.7425000000000004,-1.4649999999999943,0.2307483528023347,0.004502460602277547,5.784736524119507,7.249736524119501,2771.5615589766003,324.2409074134201,1.6920055781950047,0.923584299628172,0.29797366577504447,0.005320327734840258,7.540300078828354,6.616715779200182,3279.3946024947936,351.109418968676
0.7575000000000001,1.7275000000000003,-1.3949999999999947,0.23106771389213687,0.004447410136636504,5.804821443117495,7.19982144311749,2790.574976400199,324.06123482392593,1.6732024744982008,1.0031647034096076,0.29773237033774536,0.005248154104235888,7.57930006483687,6.576135361427262,3297.9960876957757,350.7848250974989
0.7625000000000001,1.7125000000000006,-1.3249999999999948,0.2313926990827832,0.004393622932805753,5.825489309293716,7.150489309293711,2809.458685476437,323.86473904195884,1.6543872622240543,1.082726881964888,0.2974602733527479,0.005177296675411403,7.619083765098873,6.536356883133985,3316.191936547148,350.43909202334356
0.7675000000000001,1.6975000000000005,-1.254999999999995,0.23172399813707212,0.004341082381481256,5.846722762133107,7.101722762133101,2828.2000544808398,323.6499624813367,1.6355599413725657,1.1622705086291574,0.2971575707894228,0.005107737458384414,7.659633784860931,6.497363276231774,3333.959077675129,350.0703570344781
0.7725000000000001,1.6825000000000003,-1.1849999999999954,0.23206901506280753,0.004289699962952889,5.868413475190484,7.053413475190479,2846.753372689891,323.4068488686024,1.6167205119437338,1.2417952567375585,0.2968246429706305,0.005039461457491081,7.700931458386492,6.459136201648934,3351.27350037831,349.67658829383333
0.7775000000000001,1.6675000000000002,-1.1149999999999953,0.2324157075690439,0.004239613578027056,5.8907213079423,7.005721307942296,2865.1691063289595,323.15057697093846,1.5978689739375596,1.32130079962524,0.2964652516542181,0.004972431661530613,7.74292800505514,6.421627205429901,3368.1316632481394,349.25231548855834
0.7825,1.6525000000000005,-1.0449999999999975,0.23277161757629145,0.004190740856007802,5.913537713035947,6.958537713035945,2883.400958904417,322.8710355453196,1.5790053273540432,1.4007868106273422,0.29607817857512553,0.004906656168252551,7.785621353479701,6.384834542852359,3384.4963280591005,348.79723621330896
0.7875,1.6375000000000008,-0.9749999999999978,0.23313804365818092,0.0041430767338464704,5.936841632206617,6.911841632206615,2901.4337246079426,322.5663197700893,1.560129572193184,1.4802529630790136,0.29566327115795066,0.0048421387929195574,7.82899867036236,6.348745707283346,3400.3313691057897,348.3099329251793
0.7925,1.6225000000000007,-0.904999999999998,0.23351648383537818,0.004096619314642825,5.96061071535121,6.865610715351209,2919.2514252254973,322.234380074163,1.541241708454982,1.5596989303153967,0.2952284110049844,0.004778805558874472,7.872944816284489,6.313245885969092,3415.5778672667284,347.7789296788455
0.7975,1.6075000000000006,-0.8349999999999983,0.23390864833273284,0.004051370136674114,5.984821283958245,6.819821283958243,2936.83729969276,321.87301963561947,1.5223417361394374,1.6391243856716344,0.29476246302397696,0.004716800543614037,7.917608167150023,6.278483781478388,3430.2663254527847,347.21799878783577
0.8025,1.5925000000000005,-0.7649999999999968,0.23431648612373482,0.004007334348418566,6.009448125425834,6.774448125425831,2954.1737330177984,321.4798760567292,1.50342965524655,1.7185290024828752,0.29427349908573797,0.0046560604543572975,7.9628744648422405,6.244345462359365,3444.3372077883437,346.6156665680265
0.8075,1.5775000000000008,-0.6949999999999971,0.23474222576680923,0.003964520808596104,6.034464121505626,6.729464121505623,2971.242124781207,321.0523874261585,1.4845054657763208,1.7979124540842613,0.29376382109456584,0.004596595311943278,8.00871172758634,6.210799273502078,3457.758613787176,345.96831352524026
0.8125,1.5625000000000007,-0.6249999999999973,0.2351883847633523,0.003922942579110518,6.059840313182377,6.684840313182375,2988.0229185999283,320.58780013120014,1.4655691677287483,1.8772744138109374,0.29323602036379437,0.0045384206508259734,8.05508665145214,6.177812237641201,3470.497784674348,345.2721567872777
0.8175,1.5475000000000005,-0.5549999999999976,0.23565782297707524,0.00388261705758403,6.085545412184691,6.6405454121846885,3004.4954298358057,320.0831243837821,1.4466207611038335,1.9566145549980487,0.2926931942489144,0.004481555984698575,8.101961956172572,6.145347401174523,3482.520226639153,344.52299939796814
0.8225,1.5325000000000004,-0.4849999999999978,0.23615377048116426,0.003843566465199606,6.111545677177285,6.596545677177283,3020.637808588944,319.5351248394239,1.4276602459015764,2.0359325509807387,0.2921388176121466,0.004426026891256435,8.149298371723644,6.113365820742905,3493.790418934225,343.7164263352092
0.8275,1.5175000000000007,-0.41499999999999815,0.2366798979522618,0.003805818043357226,6.137804276848416,6.5528042768484145,3036.4268148548526,318.94026278054247,1.4086876221219762,2.1152280750941506,0.29158368129413936,0.004371801679026339,8.196965350657674,6.081737275563523,3504.241617146741,342.83925093544724
0.8325,1.5025000000000006,-0.3449999999999984,0.23724194167416768,0.0037694033319630774,6.16426548250614,6.509265482506138,3051.8453282048968,318.29394634868714,1.3897028897650334,2.194500800673433,0.2909218160412389,0.004318186233898733,8.245923796511452,6.051422995838018,3513.161022417335,341.876948305132
0.8375,1.4875000000000005,-0.2749999999999987,0.23786325096185462,0.0037344353514754598,6.190734040787247,6.465734040787246,3067.063943426885,317.5916006958553,1.370706048830748,2.2737504010537277,0.29020367138102865,0.004265450847434241,8.295677140448106,6.021926739394377,3520.7043009073022,340.81877147628666
0.8425,1.4725000000000004,-0.204999999999999,0.23852872850509288,0.003700885213467324,6.217333235334382,6.422333235334381,3081.8537803594163,316.82980919595644,1.3516970993191206,2.35297654957018,0.28949629888922696,0.004214243803359281,8.34565556265413,5.99267901308395,3527.322476827565,339.6793120048423
0.8475,1.4575000000000007,-0.1349999999999993,0.2392442395388995,0.0036688072304605786,6.244011607647244,6.379011607647243,3096.184716728316,316.0036157586531,1.3326760412301502,2.4321789195579346,0.28881375354267336,0.004164570218519827,8.395708891042961,5.963529971485027,3532.9479162860534,338.4441374184647
0.8525,1.4425000000000006,-0.06499999999999959,0.24001641589295758,0.0036382645056128584,6.270712478133607,6.3357124781336065,3110.024485904443,315.1075832472727,1.313642874563837,2.5113571843521334,0.28815019274377107,0.004116605433343541,8.445937581713157,5.934580397361023,3537.5886245226025,337.1218898426606
0.8575,1.4275000000000004,0.005000000000000111,0.2408527654882175,0.0036093300726714843,6.297373186564394,6.292373186564394,3123.338419289412,314.13573029359185,1.294597599320182,2.5905110172879255,0.28752107860995696,0.004070375391992311,8.496183630434857,5.9056726131469315,3541.1746198458773,335.6975077195383
0.8625,1.4125000000000003,0.0749999999999998,0.2417685457723919,0.0035820325936270175,6.323842355519141,6.248842355519141,3136.0576432767502,313.07358762055117,1.2755402154991837,2.669640091700453,0.28693621946583403,0.0040259704553834725,8.546365360850007,5.876725269149554,3543.6591841354752,334.16303791451827
0.8675,1.3975000000000006,0.1449999999999995,0.24276013625577092,0.0035565799189416773,6.350204366582077,6.205204366582078,3148.2039982620013,311.9294196029427,1.256470723100843,2.7487440809248604,0.2864067369913074,0.003983493236289691,8.596391765230722,5.847647684305862,3544.993091645325,332.50978749196884
0.8725,1.3825000000000005,0.21500000000000097,0.24384511248708662,0.003533029224586999,6.376292402747012,6.161292402747011,3159.7027337920536,310.6874032751379,1.2373891221251594,2.8278226582962924,0.28594502104411734,0.003943062137344033,8.646163956780308,5.8183412984840155,3545.1251798779404,330.72849231728134
0.8775000000000001,1.3675000000000004,0.28500000000000064,0.24503606590251517,0.0035115099544513334,6.4020089051170235,6.117008905117022,3170.5058567817155,309.3384789966072,1.218295412572134,2.9068754971498945,0.2855720564766395,0.003904765524940663,8.695490035661555,5.78861453851166,3543.97740708782,328.8016583792676
0.8825000000000001,1.3525000000000003,0.35500000000000026,0.2463474309515891,0.003492171810693605,6.427243615588017,6.072243615588016,3180.5606981396913,307.87249503499754,1.1991895944417654,2.985902270820808,0.28523471800282085,0.003868235951239036,8.744868351270577,5.7589660804497695,3541.102978921239,326.70183570018906
0.8875000000000001,1.3375000000000006,0.425,0.24779582863649566,0.0034751883374802488,6.451871148600824,6.026871148600824,3189.809086110893,306.27801112376665,1.1800716677340541,3.0649026526441814,0.2848407981844642,0.0038318733703237183,8.794960419844452,5.730057767200271,3535.1954881149945,324.3026814934192
0.8925000000000001,1.3225000000000005,0.4949999999999996,0.24940048307314955,0.003460761463308787,6.475748092465673,5.9807480924656735,3198.1863638425316,304.5420670592706,1.160941632449001,3.143876315955158,0.2845858735360197,0.003798375948300137,8.844254161396883,5.700377845441725,3527.9093525716507,321.73747403422755
0.8975000000000001,1.3075000000000003,0.5649999999999993,0.2511837453350063,0.0034491271942118052,6.498709351346569,5.933709351346569,3205.6201472079856,302.649891977985,1.1417994885866045,3.222822934088882,0.284500890166398,0.0037679492102926514,8.892493660638388,5.669670726549507,3519.167155124631,318.98614984406635
0.9025000000000001,1.2925000000000002,0.634999999999999,0.25317176160031835,0.003440562803127061,6.5205634537519375,5.885563453751939,3212.0287272338505,300.5845327978429,1.1226452361468657,3.3017421803804985,0.2846138091417439,0.0037408788375017633,8.939474661229752,5.6377324808492535,3508.905602686766,316.0335173335438
0.9075,1.2775000000000005,0.7049999999999969,0.25539532708212664,0.003435396066957087,6.541086561978953,5.836086561978957,3217.3190285899627,298.3263831048394,1.1034788751297846,3.3806337281651473,0.28495727948111904,0.003717502605173622,8.984960451289073,5.604326723123925,3497.055767808384,312.8623903371475
0.9125,1.2625000000000008,0.7749999999999965,0.2578909951018846,0.0034340172404877982,6.560014679432518,5.785014679432521,3221.3839495791417,295.8525740455298,1.0843004055353611,3.4594972507779813,0.285569652593896,0.0036982241315968987,9.028675272859886,5.569178022081903,3483.5420847993455,309.453227811933
0.9175,1.2475000000000007,0.8449999999999961,0.2607025352464234,0.003436894790724344,6.577033398329113,5.732033398329117,3224.0988577165954,293.13617861256967,1.0651098273635944,3.538332421554141,0.2864968259090958,0.003683528572866727,9.070290073312519,5.531957651758377,3468.2797236639476,305.7832080081966
0.9225,1.2325000000000006,0.9149999999999957,0.2638828800086248,0.003444596358645946,6.591764200635333,5.676764200635337,3225.3169002951954,290.1451564049515,1.045907140614485,3.6171389138287706,0.2877941256394435,0.0036740068959691817,9.109409998457226,5.492271084628455,3451.172609216604,301.8255280391522
0.9275,1.2175000000000005,0.9849999999999954,0.2674967665393695,0.0034578171258005273,6.603745852569686,5.618745852569691,3224.86262631156,286.8409323432037,1.0266923452880334,3.6959164009370147,0.2895362474474307,0.003670352040633601,9.14547759755412,5.449561196617104,3432.092599981542,297.5421442527523
0.9325,1.2025000000000008,1.054999999999995,0.2716243858257643,0.00347741889683111,6.6124086954051515,5.557408695405156,3222.523161995401,283.17645131065274,1.0074654413842394,3.774664556214017,0.29179303411347896,0.003673544908645284,9.178049887460253,5.403385331246235,3410.944027874641,292.9062576961942
0.9375,1.1875000000000007,1.1249999999999964,0.2763665420883878,0.0035044849227228742,6.617038232883565,5.492038232883568,3218.03569136214,279.0934494587612,0.9882264289031024,3.8533830529949245,0.294677107886592,0.0036847062583441137,9.206303361257321,5.352920308262397,3387.553222560184,287.8638383409923
0.9425,1.1725000000000005,1.194999999999996,0.281852097040143,0.0035403987264614953,6.616722608200448,5.421722608200453,3211.0693784606365,274.51856638493973,0.9689753078446228,3.9320715646148803,0.2983245133731234,0.0037053275327308885,9.229275441866756,5.297203877251875,3361.726887668607,282.35402150296875
0.9475,1.1575000000000004,1.2649999999999957,0.2882490255431523,0.0035869602522328975,6.610274548383899,5.3452745483839035,3201.198464967213,269.3576431719763,0.9497120782088011,4.01072976440903,0.3029136552979999,0.003737375081310595,9.24570565066508,5.234975886256051,3333.2206956000887,276.29829157862775
0.9525,1.1425000000000007,1.3349999999999953,0.29578810001878597,0.0036465090901304786,6.596037529866987,5.261037529866991,3187.8328773841895,263.48046335176764,0.9304367399956364,4.089357325712516,0.30868371765247277,0.0037830795204162287,9.253885746166869,5.164528420454353,3301.630723023166,269.56183402087373
0.9575,1.1275000000000006,1.404999999999995,0.3047562079186005,0.0037224667114824136,6.572065351932099,5.167065351932104,3170.292575116981,256.7404683972988,0.911149293205129,4.167953921860485,0.3159800971310317,0.003847272075799461,9.251397678505374,5.08344375664489,3266.745301138878,262.0822466736297
0.9625,1.1125000000000005,1.4749999999999945,0.3156085795892609,0.003819259679580456,6.53506397382319,5.060063973823196,3147.4170974758786,248.8863599336214,0.8918497378372792,4.246519226188079,0.3252620589454628,0.003934224701548447,9.235004130997632,4.988484904809553,3227.772765953666,253.59097239492564
0.9675,1.0975000000000004,1.5449999999999942,0.32898048406262226,0.003943630424928818,6.48057295681795,4.935572956817956,3117.6522416578487,239.5907026434687,0.8725380738920872,4.325052912030444,0.33726365833193356,0.004051960542531406,9.199472875541058,4.874419963510613,3183.8236669468297,243.7949080817322
0.9725,1.0825000000000007,1.6149999999999936,0.3458698983719418,0.004105797841083412,6.401540357513921,4.786540357513928,3078.5434326049426,228.34749963428249,0.853214301369552,4.403554652722727,0.35311976378657506,0.0042129181464989765,9.136787028063186,4.733232375340458,3133.495080841315,232.23395856379486
0.9775,1.0675000000000006,1.6849999999999934,0.3679383574722871,0.004322317016692332,6.286218611244522,4.601218611244529,3026.0055968833653,214.3410660476426,0.8338784202696743,4.48202412160007,0.37477164661691076,0.004437868718593167,9.033192830908105,4.551168709308035,3074.3696183611546,218.1267702187136
0.9825,1.0525000000000004,1.754999999999993,0.3982846009155687,0.0046219891570448614,6.112680683745401,4.357680683745408,2952.915752266842,196.11783145334383,0.8145304305924546,4.560460991997617,0.4058773579088051,0.0047650813631683955,8.862758664678829,4.3022976726812105,3001.8967679557936,200.0397729795989
0.9875,1.0375000000000003,1.8249999999999924,0.4435699422895445,0.0050593756386196065,5.833776891855078,4.008776891855086,2844.608940337966,170.7258773771507,0.7951703323378917,4.638864937250512,0.453475156134297,0.005260108117897551,8.575713485874083,3.936848548623572,2900.528136806894,174.73427122591713
0.9925,1.0225000000000006,1.894999999999992,0.5212985719196899,0.005747232417979064,5.325564607037258,3.430564607037266,2657.5866268280324,131.08761117404518,0.7757981255059863,4.717235630693903,0.5374000197117694,0.006080819142874042,8.0315809344927,3.3143453037987967,2731.065933882353,134.4160657930779
0.9975,1.0075000000000005,1.9649999999999916,0.7147507012171945,0.006426606857361133,3.999170891489152,2.0341708914891607,2180.5247932204434,50.620843883359484,0.7564138100967384,4.795572745662931,0.7576289910283187,0.007100931613069485,6.52302459090013,1.7274518452371985,2301.074567444903,47.72706004120934
